s1,s2,s3,s4,s5,s6,g1,g2,g3,g4,g5,g6
-0.0004247404569435176,0.0002072602293576864,-0.00031080829127283494,-1.6899425403060775e-05,0.00029711616168270893,9.955533748495782e-05,1.1872308125426434,-0.5082704461095179,-1.5466456921059173,-1.1919454307579074,-0.4092687781533416,1.5455151828667026
-0.00032812156053907415,0.00023570868264677358,-0.00033221234219649176,2.3086381296444358e-05,0.0003145451286208356,-1.9414222499847256e-05,1.5531354055969395,-0.5586411005867727,-1.6770310149545002,-1.9079497119492745,-0.031166392651079972,2.1678658474553725
-0.0002976619940300296,0.00021633546067345577,-0.00039017894291859534,-2.2459423307807924e-05,0.00017321429069028227,0.00014482388821779324,1.5715410151004479,-0.4623285603717558,-1.7389756306020627,0.06891909814691245,0.24858109826194752,0.02740537648878861
-0.0003615880313327935,0.0002627870824563061,-0.0004549180401554054,-1.801790716804419e-05,0.0002854486435781567,5.057904739835806e-05,1.3325879066354713,-0.6541151857676615,-1.466830771686123,1.0467289871091154,0.5225766341418715,-0.8682472113440233
-0.0003973090117748157,0.00020481323540888496,-0.0004675854883959829,7.322003283594114e-05,0.0002309109050813163,-3.4990684154578844e-05,2.584280485583152,0.3222899760887921,-3.087259755340888,1.6795402945140505,-1.110828009929957,-3.0738387324571086
-0.0003064613184395881,0.0002517852221846084,-0.00043825918873530156,-3.351474436552593e-05,0.0002832323904753409,3.9706994650501315e-05,1.0335652708585377,-0.33510328560004066,-1.8691529819353871,1.7195921273785608,0.8150586248688017,-1.1961563451723047
-0.00037441059147624856,0.00021525156116020128,-0.00041939324015949353,0.0001213635820009884,0.0003389426523101591,0.00012350976683972448,1.7898315264108473,-0.3975307001654926,-2.1111237663373816,-0.0619866907935454,1.009324255381382,-0.21963990423575042
-0.0003439811310270713,0.00020477291220455385,-0.0004214527075747654,0.0001420159439495805,0.00019910917980148213,0.00012179001511913867,1.9965687267725165,-0.5405908724488158,-1.8665568281091336,-0.9043249031806329,0.7470887025445905,0.645400115199866
-0.0004083481008576584,0.00010291389296313014,-0.0002957578641868963,0.000146661177188534,0.0003381716300765447,3.6774078679968625e-05,1.6429001258431608,-0.3704785310258469,-1.8733595143111614,-0.5865258215867873,0.3303585789656314,0.25492375637572123
-0.00041336332607144755,0.00011069960639620291,-0.0004322235914173689,2.5785538103839656e-05,0.0001505379566451026,6.70148813028959e-05,1.0290905808861555,-0.3931089543127862,-2.076533121312893,-2.2401618157080176,-0.3879457875774609,2.292267637511227
-0.0003809581363825032,0.0001189662767941968,-0.0003109012228357244,4.300447587457512e-05,0.00020485708754680587,6.847300775092435e-05,1.2406290010249998,0.27232017384803503,-3.1096079947770576,-2.896328707286748,-0.6740393535232801,2.9304249305990155
-0.00041501704631130565,0.00016009947091610854,-0.00039751471578508557,1.9614021446123786e-05,0.00033010795249488467,-1.009936436169312e-05,1.3112160462832427,0.12767707647143936,-3.109659896249442,0.2508282148803138,1.4921661881391841,-0.06295678317993662
-0.00038145843395209766,0.00016424655900326712,-0.00044734017998848685,4.054753799920263e-05,0.00026548599923081895,5.420202986705647e-05,1.4872249809867621,-0.33369907949240774,-1.939953793060524,-0.053108370658980816,0.43547888411652186,0.03089445128118156
-0.000402595262277039,0.0002672793580842381,-0.00044367652577381733,7.903227963446113e-05,0.0001742069937744617,4.68814433949305e-05,2.101939486207748,-0.3677584025508656,-2.044346761407485,2.4484333452980493,-0.37014732625222446,-2.587769406574041
-0.0003062140077370046,0.00022694217145780016,-0.0003736141572678875,-2.698297065251154e-05,0.0002633146656885188,5.22476393438609e-06,1.936330355147414,-0.36691633907654647,-1.757191013835081,-2.42816837776444,0.47479060117518496,1.949906339436301
-0.0003577103697347539,0.00013068318433795412,-0.00030468835838792785,4.945337307482589e-05,0.00016865765447260372,0.0001057987519308412,1.511888386612694,-0.2319957772140822,-1.962076064219546,0.4659014003664558,0.6018130426559466,-0.5514017372594082
-0.00040696265596995573,0.00015299916699618166,-0.00038376031273656963,0.00014859180345716538,0.00015026101945192494,-3.731328361755715e-05,1.721212204497975,-0.7684397393028589,-1.2358937462399489,0.5966711381723413,0.02980283508601212,-0.49635268554407536
-0.0003631033805771011,8.759689350856803e-05,-0.00037718764047678377,-1.7222034760067118e-05,0.00023111913278750507,1.9320532062216955e-05,1.8959885920020945,-0.6288187131386291,-1.459520694932744,-0.6387673459992425,0.17436552320223261,0.5967777754502901
-0.0004034963620123122,7.06631694633586e-05,-0.0004302529992150639,2.570090155362692e-05,0.0002504782933696603,9.332423953090085e-05,1.4558078004952932,-0.27079235433305476,-1.8651024329976345,0.6861418255465461,0.49797759732183255,-0.5417133335052592
-0.0003287670573968171,0.00020842543820176473,-0.00044591272281913064,-2.4991725342538018e-05,0.00023083463187845155,-2.497703880433022e-05,1.9273048994071718,-0.481575473486737,-1.6826890950628348,-0.26567102664298703,0.4740987661234227,0.06464599669870927
-0.00039165689253639613,0.000151745702427597,-0.0004431059453873232,3.535365076601238e-05,0.0002457437404714824,0.00013790678628122777,2.3951181765318386,-0.2503120307498257,-2.2308880302435257,-1.2594889443045343,1.4525398495299593,1.2403388557268398
-0.0003575642662427825,0.00010367275059852687,-0.00041452332845626216,0.0001358492012064616,0.0003245284017907579,6.573842596946378e-05,1.9578557174522784,-0.782988088434417,-1.2042002529387208,0.661872956043596,-0.024786603449283646,-1.275439896239079
-0.00035168444181454817,9.769978199969387e-05,-0.0004439762270180836,-2.8135407740492724e-05,0.0003256414028367516,6.67272068417546e-05,1.5144767969532942,-0.5063055251670152,-1.5887820702905793,-0.8316570082019984,0.19921358622296995,0.8936907313458432
-0.0004268644970109037,0.00026341652355199585,-0.00039664680917894657,2.6117517381685218e-05,0.00022652501137176984,0.00010246312324291296,1.6933030463356502,-0.6698042922802244,-1.381906020452404,0.6438217611216536,0.22528490500257128,-0.9829373182947476
-0.00033266733037518037,0.00016853216621370848,-0.00045697859700144505,0.00014195124824745164,0.0002803780363409558,5.6859250952889795e-05,0.8038337081522724,-0.2680529429007682,-1.9323026816352393,1.6980291674240475,1.2741337213260782,-1.0634452129084149
-0.00036600493155791725,0.00022064747556349573,-0.00042787963099844006,-4.1150532221756464e-05,0.0002908947597264344,0.00012736580235284123,1.9286332805233621,-0.5770333578629598,-1.6690948970523523,2.1388689958654394,-0.32267210626965515,-2.1460633481367477
-0.0003437766131009212,0.00013173746149686139,-0.0004255462527495979,9.119410743618772e-05,0.00022021128910587606,2.6795855952777003e-05,1.8000418174835966,-0.18367565446427594,-2.0038396294305665,-0.5393054570525836,0.22641934726683702,0.32927457679884486
-0.00039897748907691266,0.00017382185759196034,-0.00036563350354956725,3.487221924736161e-05,0.0002633823919042655,0.00014233522784046215,1.138821607618062,-0.5425618633972802,-1.705693138011249,-1.697075990419445,-0.1364659096500343,1.68571257001264
-0.0003424145917581001,8.429204493598519e-05,-0.00039433216465223353,-1.7155937674040445e-05,0.00016681776742277776,0.00012998296655997166,2.6990685354732156,-0.09081122292954305,-2.655459419427873,1.9412285170193193,-0.9874304712280203,2.884664232798375
-0.0004064953403917215,0.00017214645884600088,-0.0004530841831735799,-1.7015790032992584e-05,0.00024049159947114873,-5.248920610156915e-06,1.7118097813228168,-0.3896340441688614,-1.8603466065606822,-1.061232205513932,0.4698394450367911,1.1442361382578279
-0.0003678157634903201,8.327776264316356e-05,-0.0004580546996448831,6.22082050423245e-05,0.000155817021592064,6.826624052269636e-05,1.7594001385453002,-0.567826501230654,-1.551661823463745,0.9239774089302464,0.04999534695416456,-0.920791169189999
-0.00041726708585265726,0.00018305833150655815,-0.00043797623942865016,-1.7755975508570998e-05,0.00014159857135531695,8.657889819652098e-05,1.1772336780142811,-0.6304330453846789,-1.4806522287457846,1.530716475367129,0.826576683311884,-1.7318406686727548
-0.0003099958897019306,9.72744406180226e-05,-0.0002884040768096341,1.701076168991733e-05,0.00028617456285662257,-3.8031142353567304e-05,1.8567760384717011,-0.37246272119936275,-1.8513861902233597,-1.1565904458582532,0.22808458021991065,1.059245176699064
-0.00041484917334955185,8.306010571601519e-05,-0.0004180201231065439,7.410422639253511e-05,0.00022828974454380813,5.291935181617191e-06,1.92387033037185,-0.6382888187653939,-1.4226633801308524,-1.4916159660053594,0.42201514248107946,1.097116258066647
-0.00025281597599402517,6.842735269874112e-05,-0.0003150169803216585,0.00011415829870120575,0.0001904081940606872,0.0001527917425931946,1.7637663124052456,-0.30286604724389554,-2.069982085002294,2.5954867531609938,-0.4662246831922627,-2.5635273791800484
-0.0002685419357151275,0.00018004471071098038,-0.00042206537462874394,-4.4981021967593904e-05,0.00015130159746679084,0.00010865912198632088,1.4325512840142196,-0.30732462166339325,-2.1679598623687992,3.0928506926137183,-0.4438277369733405,-2.952474828994247
-0.00041088759218599336,0.00013421225965259964,-0.00037718077869097755,5.297283096528105e-05,0.00028710082289329364,-1.4460095081325619e-05,1.0855111198890999,-0.30604488114388434,-2.2274606896341878,0.4798193157508647,1.2392893376418166,-0.40648935913085055
-0.00041246495047975174,6.903965943294565e-05,-0.0004106604928217905,5.911072869047018e-05,0.00025059713603514666,0.00014478498291303765,2.734062413065356,0.25087509716257683,-3.009209045479249,1.546875375985463,-1.0843533614153804,-3.1101479119337627
-0.00026623416187465665,0.0001594945310667839,-0.0003681834110453863,0.0001223264756768927,0.00031795272319179446,5.146721846305269e-05,1.6172562072789847,-0.20664633605133415,-1.9061364788072364,-0.5384017430235701,0.08799279992623656,0.5694431024752249
-0.00036344125017961915,0.00018994496345658973,-0.0004381329155034308,0.0001036052090572781,0.0002771904709293338,-7.4146371007444145e-06,1.973505688388156,-0.3056965715087786,-1.8667936581155353,1.629353304021141,-0.6577039865923221,-1.6875943070359094
-0.0003180061143757129,0.0001782935124241547,-0.00041119012274837274,7.92838841130461e-05,0.0002437672806356872,5.738002832345046e-05,1.9014657390265877,-0.516467708636881,-1.6478341725920398,-0.3921871037678859,0.43177888346740656,-0.42441866486912366
-0.0004239758664583704,0.0002201298588895284,-0.00041373269918487665,3.622448209572582e-05,0.00020059422188367648,7.060527667412941e-05,1.8500895467678395,-0.5466805503623223,-1.5674192157694045,-1.218789737826259,0.36966948095554236,0.9620358843380834
-0.000426550288772809,7.947306700284429e-05,-0.0003472776919402065,0.00014597200648669428,0.00032129522715607095,-3.426001367135001e-05,1.8873944827378297,-0.4221817702770576,-1.8758792641803355,-0.4190877240842571,0.655328285568474,0.06841876343366562
-0.00035086156071084673,0.0002307092234188346,-0.0003267388068772803,0.00010560812400495223,0.000233613925657572,2.8851805334184633e-05,1.8792933160619558,-0.6065376957241599,-1.5460459870720158,-1.0630185884783685,0.3980224183575143,0.9641075740549395
-0.0003782587246652369,0.00022554286290610293,-0.0004164744595049896,0.0001065995529803132,0.00023787524113227931,-8.23681660833131e-06,1.7178009091375737,-0.3019890229438138,-2.0387656387410877,0.43230319713271265,0.7149138368839906,-0.2779570089479534
-0.0003921145423841921,0.0001801825720830763,-0.00030114569402339697,0.00011927348589502174,0.0002975491556949095,0.00012979270874335924,1.6803654471205391,-0.5046804075250017,-1.8553766269780536,2.477485715287017,-0.4655052841484393,-2.677299239638185
-0.00042390520761603767,0.00019025753825374636,-0.00039306894341084586,7.306560842046395e-05,0.00027398323326277563,3.5944066044457657e-05,1.0585587533285956,-0.6309906776019271,-1.5065069878048754,1.5978195866200082,0.7055862601761647,-1.2613855093314432
-0.0002739930717856609,8.838859943871569e-05,-0.0003517410022739753,0.00010061405049910377,0.0003303770400231443,0.00014870897256180626,1.079821464938036,-0.6080997559184921,-1.4192428621235804,2.2978399793187347,0.7493856832176548,-2.464997599312986
-0.00023834871692685056,8.967460250541848e-05,-0.0003872341231172527,-4.496752750782207e-05,0.0003355858860203398,7.895565081561529e-05,1.2762288856483945,-0.37935720587882155,-1.6341127693700275,-1.066613360337975,0.01689868760275062,1.04243420807651
-0.00042027527078669635,0.00016594514756551604,-0.0004288237148051266,0.0001378468897836882,0.00020501594039323834,7.285360429420962e-05,2.4440938164020873,-0.6165500407897848,-1.6027615962442994,1.573740203488765,-0.7893205032629687,-2.0888233466463406
-0.00036208123259129366,8.471438006907306e-05,-0.000375251553039746,0.00013131187334192163,0.00029480988139773956,0.00015184006699975328,1.4592378959303034,-0.18694855960947726,-2.27002762652267,3.075521880902263,-0.24470233807586084,-3.110134011874441
-0.00041212674124935234,0.00023027903983496856,-0.000363099725140259,5.712331055640618e-05,0.0003037518647435178,0.00010455189437497125,2.3414477813497117,0.24205596416791061,-2.6423035035225175,1.4633549987544052,-0.7787599412704438,-1.9787199967106484
-0.0004079399057150823,0.00012636991343484283,-0.0003932125297421152,-1.9389059104035766e-05,0.0001993584632149492,5.192403517817468e-06,1.5832483454821014,-0.40333075401061275,-1.770574094501464,-1.866601699619164,0.11192445125787148,1.9385205979542606
-0.0003680856152357137,0.0002598285907637887,-0.00045331596429676324,0.00014173173753917467,0.00020199717720803534,-8.35726250869584e-06,1.5714505770402973,-0.5235924008824103,-1.597810457736612,-1.5532574296934683,0.4035681802481003,1.6764618364413668
-0.00035787233667061713,0.00014826049157434795,-0.0004473259494144344,0.00014649740679750778,0.0002478808733661353,-1.6353958341319697e-05,1.769338016410859,-0.25992710364279603,-2.2680075500995915,3.1089111419716464,-0.523670747191414,-3.075687493875381
-0.00041841150708599173,0.00016648405926034116,-0.0003156132297128522,0.00014173961166275006,0.0002345057642525461,2.459911949692639e-05,2.0370085765632004,-0.18019770599684712,-2.4476374352647587,2.611056759268997,-0.684045815826862,-2.805258921518794
-0.00040824560163787993,0.00020378794630104835,-0.00045239216397874316,0.00014853771715195307,0.00022904028803605314,7.097674579181756e-05,1.4558926898972764,-0.30555197090430813,-2.1144514690856817,3.07976264275868,-0.43581634066256836,-3.0852979644946794
-0.00028062196891820435,0.00014116677862840987,-0.0003636520733696358,0.00011936006069657168,0.0002994123189647979,0.00012688410402361683,1.4033247539615867,-0.2504837268213137,-2.24470245849411,3.0803788472999836,-0.5399499926054803,2.585264086479995
-0.00040964745255500645,0.0002642858582797558,-0.0003951226524741003,0.00010693713648279868,0.0003077592886393532,-2.0717090714050812e-05,1.6948934788037044,-0.5549394550591045,-1.5916946901485114,0.4329695607123369,0.29294744145260454,-0.42824594398635235
-0.00031241239058754644,0.0002608228835940807,-0.00040862633234439727,-1.7572696302536883e-05,0.00015001369595601943,0.00012998348166881613,1.3685833423989209,-0.5431280034555668,-1.7639478496347327,-3.109691330197428,-0.22075902452263488,3.085617295152574
-0.00033745048726174787,0.00021310910320959664,-0.00043423412500587233,-3.4050034457777656e-05,0.00023968583668310117,2.290049151199014e-05,2.1661181750261047,0.1757094222624135,-3.023239920069823,2.2598580661575403,-1.1220545570725935,2.641239566560893
-0.0003229887260349784,0.00026432492227979054,-0.00044408071318535747,6.0933686128805675e-05,0.00018933216078753645,6.192426295115183e-05,2.1062020367294463,-0.27083485579417615,-2.081798955035934,2.493539177269408,-0.43551291452480306,-2.633299816289376
-0.00035038598350034533,0.00012776280250914596,-0.00042232129148178643,-4.288201639557343e-05,0.0001603451960239255,5.3045088449721334e-05,1.4000051785730956,-0.5121203433858497,-1.9726909222140836,-0.08336315601305026,0.9558896368869576,0.09385386604257434
-0.0003844066991911532,0.0002558583711911311,-0.0002961667387380018,1.752466523186058e-05,0.0002252644510463142,0.00011775101195077298,0.46473460408946915,-0.03260035454957816,-2.674404693190288,-1.7074412294094332,-1.1240832627441277,2.118475078158994
-0.00030883442969198427,0.00021176224564189994,-0.00045679733123638044,-2.188168792649492e-05,0.00020450022555884573,7.002236543129925e-05,1.748369587521575,-0.7764960550756025,-1.2938636697882633,1.3580651463158988,-0.07622194275818787,-1.2838891031068334
-0.00039319262489634355,9.79580970108529e-05,-0.0003796830244660043,-4.029924217441305e-05,0.00032581324155600555,5.368601084132507e-05,2.3047449681959113,0.21035315458403933,-2.6460010370594214,1.3766637219279958,-0.7287812166332207,-2.091613191426823
-0.000338930880754873,0.00014562393650763283,-0.00044476438560980824,-3.266854701244881e-05,0.00016593262330655278,-1.7427461746599704e-05,1.995142419994111,-0.6062333208304422,-1.637372716560433,-1.1200114011160394,0.8038908743570906,1.0593374337147041
-0.00041630342545229126,0.00011228311168487437,-0.00035647844109831794,3.337919207968554e-05,0.0002326933010357024,0.00014729066562235715,1.288935162330806,-0.5668149113673131,-1.61978640671151,0.5946802270487773,0.552794604619894,-0.6038416361693068
-0.0004144555250285009,0.00012725190446527535,-0.00040655348524420987,0.00011596493541521369,0.00027551575196671507,-4.005924383854165e-05,2.089599295845157,-0.3639647461007132,-1.766161606724254,-1.4667682173150831,0.7141266010257044,1.4480541463275722
-0.00041094092359106327,0.00020155246886233158,-0.00039298627242256856,-2.6266512334061076e-05,0.00018394547127975613,-1.4790464368807932e-05,2.4441323012018565,-0.6165772641065976,-1.6028913443883466,1.573762807643607,-0.789190295248365,-2.0887866176879273
-0.0002435756473753159,0.00023256350193978648,-0.0003824618799894708,-4.143558552449633e-05,0.00033387313930166584,0.0001325992631251438,1.0747742095864325,-0.37194892316226985,-2.038101716736283,0.9540011168746931,0.8720281226481699,-0.8969163815815852
-0.00039749167992209067,0.00011340545628257814,-0.00045555799146423936,0.00010006651406868627,0.00024067222213375317,5.34088298387303e-05,2.2465927908028855,-0.05702425722991004,-2.6974273697911717,2.1417949281687507,-1.1039416393980195,3.1100386326899496
-0.00030143312201325045,0.00011179498265168064,-0.0003768347977750608,1.8029403696218083e-05,0.00014929701752297575,0.00015234484348169985,-0.24206979886771454,-0.3652450323413768,-2.940684962818308,-1.651688659893316,-1.2508535393950475,3.109874479717619
-0.000347484784873231,9.185482186069294e-05,-0.000443487823726052,6.127161866142927e-05,0.0002792229349575237,-1.1038100931060058e-05,1.326771380855952,-0.11828277676746368,-2.1659739848130743,1.3506267680442774,0.8029918054590959,-1.5621389884396237
-0.0004171674736053177,0.00016085416591504753,-0.00035841698774508046,9.941421620496271e-05,0.0003400103156696588,2.5768202250198158e-05,1.5448936063285499,0.2728351258544625,-3.1013355636675506,3.0769457154077604,-0.8406464651851902,-3.099057578494079
-0.0004063289483422494,0.00010720121777119118,-0.0004347700407301147,7.003573503450156e-05,0.00031124295245810174,6.114894950481897e-05,0.7565367030614243,-0.12606344969305747,-2.0272202474101757,-1.2265300426357892,-1.0620131013928569,1.9852237768477456
-0.00036451716362684294,0.00010748372466551359,-0.0003126827779382779,1.8924597018354916e-05,0.0002224242654014219,0.00015292035612546329,2.4817597656610255,-0.6320962154550837,-1.4312842516603905,1.3654818640007347,-0.5140172140667297,-1.7816765987505248
-0.00040352467221271837,0.00024149448258548034,-0.0004287468449568621,7.355526588614936e-05,0.0002476118095691149,7.885158914344714e-05,2.0424612568138962,-0.6841018533786314,-1.5601049720177416,-1.4495803373389398,0.7597584924627855,1.2141058136778007
-0.0002834950674968084,0.00018590603405410633,-0.00042379534798886453,0.00013654527769801916,0.0002923449796918831,7.791786146782442e-05,1.5834191205281618,-0.4787064254278871,-1.854017571976484,-0.1455346890447338,0.5462750579964362,0.01733439476039839
-0.0002777523517609737,0.0001551214674746504,-0.00041897370830135117,0.00013516434490234985,0.00015445257472190832,-5.901743403313731e-06,1.8319137329683266,-0.46107523614629126,-1.6190475653183225,-0.1965688557331717,0.3514313863163558,0.2574019420334686
-0.0003611310739142226,0.0001185279421447305,-0.0004417194856074502,5.58229489264761e-05,0.0003310630005710635,6.344165333427298e-05,2.0899965255787216,-0.5004580785708489,-1.5230198963339636,-1.9584058556889992,1.17171152213759,1.4645395673917059
-0.0003333717848637008,7.32926966842129e-05,-0.00041740653412158935,6.742918460656e-05,0.00024071062048314218,-2.3793340941047347e-05,2.0482046178428432,-0.48099612209569315,-2.023819330541995,2.5243375480224044,-0.6754603137176101,-2.7300599932093226
-0.0002477967500613687,0.00011494345088980396,-0.00046140578675224475,7.641955636117359e-05,0.00028384438676987145,0.00013058720372693955,1.8280941080025557,-0.2125589461494683,-2.397435365673146,2.5805803561651444,-0.7248759196493229,-2.780841595035368
-0.0004155934576699494,0.0002429977839586428,-0.00028840124074669404,0.00012715154932596562,0.00022075106566621372,5.1840362189636835e-06,1.4598864660984852,-0.5742680866273762,-1.6009482819284053,2.7438543308387904,0.2126031257852654,3.0143969947456206
-0.00034835791550591466,0.00019837035982028794,-0.0004420430685829757,-1.7004765497041774e-05,0.0002236295274213873,-2.2032190910792337e-05,1.6222007336931643,-0.4588067878441735,-1.566671137259403,-0.5624155756285466,0.2765901698373913,0.5906094692409191
-0.0002639606829601959,9.953624970471253e-05,-0.00045134276136682416,1.774618439487341e-05,0.00021308998976099502,1.454218168550625e-05,1.365994025453626,-0.7670095238650503,-1.4030241027665515,0.29694662252533366,0.4011784393046692,-0.1268558135711604
-0.0003844475524239499,0.0001569862068047101,-0.0004398445468094536,0.00013681166880186169,0.00015916209016353378,0.00012953732842380106,2.1665142032157583,-0.7279658055633174,-1.3085620025704605,-1.9582680037333577,1.0686308346124618,1.2160551902304133
-0.0004238192188656953,0.0002250660153562123,-0.00033584763683780494,-1.702576821482893e-05,0.0003345564660008904,0.00014553225860058916,1.5066269293322088,-0.22874265002289756,-1.9542915405929788,-0.685535966030676,0.3413332975179945,0.3751350526749025
-0.0003709882972628975,0.00026587222326668325,-0.00039203578876101375,-4.4229885490132403e-05,0.00017311428865962597,0.00012401809569517752,2.4261284876056504,-0.2596464974592436,-1.8630741717918948,1.3271070818484918,-0.8368052498109397,-1.8918924855179529
-0.00033014828871547053,0.00011286510221975021,-0.0004315478120728855,3.7636948343688914e-05,0.00028065140304178726,0.00013876308503135704,1.4378998652909611,-0.49323576453945506,-1.6916771207347354,-1.2381732852546323,0.08804344221677489,1.3425662381621106
-0.00030122674417576434,6.856517297304521e-05,-0.00043849524784178584,7.350504864689356e-05,0.0002448163102206635,-7.900670768279383e-06,1.122798393576698,-0.5262002006179345,-1.7497078611461674,1.326208920816563,0.7123528766300005,-1.1470686814914788
-0.0002899328237324639,0.00017019572195131616,-0.0004106780956227851,-4.641709812069905e-05,0.0002720628244610168,3.072969712469842e-05,1.5429206106968016,-0.1106901938569619,-2.1816269066484777,0.10437090231311004,0.5337369888870234,0.23100109412796177
-0.0003085784639687006,0.00010248076514063342,-0.0003942742820557399,-4.483531997223622e-05,0.00018244880849316303,-1.3341097297114857e-05,1.8280902248338025,-0.21262297090254523,-2.3974716819923754,2.58048988391406,-0.7249435297565454,-2.780960500464538
-0.00038913721842881444,0.00017954310061885081,-0.0004662725524520184,0.00014975331812649983,0.00021658023693937878,-3.9691350361081845e-05,2.741709281010568,0.19087738188962936,-2.8889080125752145,1.5203029485705546,-0.8851215070938423,-3.1098534889678193
-0.00025624253622602566,0.00021266923654206238,-0.0004372092181439413,6.055533431403859e-05,0.0003315974283948364,-4.240396502286359e-05,1.5709259553570154,-0.3015121452092316,-2.1170067264942642,2.896057397910041,-0.26855140961203033,-2.842099882763324
-0.0003278543861133798,7.213572946085378e-05,-0.0002887955291752675,0.00014189438738565485,0.00026671380996035055,4.2422261069319234e-05,1.5393003649487675,-0.3423709564580447,-1.7451356508881781,0.3867159601791586,0.16699147414344234,-0.3468181747340076
-0.0003509764970504037,0.00021229466639383077,-0.00039924923981260463,7.719962999352958e-05,0.00019938241864014827,4.312913955395459e-05,1.9598219147341958,-0.7250020194019586,-1.3877090224631532,-1.9226022479770122,0.6535091333502293,1.706826372502852
-0.00031175206883204964,9.640119766540778e-05,-0.0004291211927309746,2.9507487324664794e-05,0.00017688797388348831,5.570354780992659e-06,1.5304146955121778,-0.3068186057936154,-2.058628591806056,-2.465346938112812,-0.31361296974809666,2.489704890155264
-0.00024302848821200485,0.0002598194824621203,-0.00031986206038236986,4.6451676059433566e-05,0.0003216301500579277,0.00010153499663623222,1.40471563466444,-0.566146735767334,-1.637403377934063,0.6596022920069129,0.2417096175442715,-0.6525810336526598
-0.000249446178285595,0.00017734467842611679,-0.00037113782723974253,8.282835527229082e-05,0.00018546060973445577,0.00011011767772117764,1.484440393688947,-0.21309661855276055,-1.8750887985401832,0.07489049628098926,0.278649677033955,-0.0035021745468606044
-0.00040273177573890706,0.00023995530100506812,-0.00037376529945909454,6.622034511138963e-05,0.0003071516757344739,0.00013401036120175291,0.524391595986423,-0.3770349960369487,-1.6441997348449102,-1.147159416654622,-1.16657814874481,1.8281650395870157
-0.0002978007116931636,8.656129940387558e-05,-0.00044655689267347753,3.41684979856538e-05,0.0003083249282154199,0.00011079718753137513,2.5842826707749715,0.32231776437330617,-3.0873495907053528,1.6794754835844634,-1.1106805394362493,-3.0740311884204337
-0.0004020278894065754,0.00011251740712658886,-0.00039228614481690016,8.058562426427329e-05,0.000240476166746717,3.727685134080616e-05,1.9417508060157451,-0.4895490293260981,-1.8373462763651833,-0.6217473362762579,0.7031377552192848,0.7847258623695104
-0.000374452621996646,0.00024767982758078233,-0.0004405675693242017,2.51347140522995e-05,0.00027103182556764693,3.326042892481951e-05,1.7630358050578294,-0.6502955831133427,-1.582584402643025,-0.48747998190932157,0.5451718818138203,0.5850825596920777
-0.0004217037561780046,0.00011988860812017776,-0.0003242632145390445,0.00011506616882428489,0.0003386978136070695,-3.971957273840587e-05,1.899073281183125,-0.5861576355683973,-1.5256567593161043,-1.5851317080293716,0.3360236610922286,1.5154264532229271
-0.00042566492014284307,0.0002245572462271639,-0.00041829587161501536,8.394010082746206e-05,0.000321143658278622,0.00010740218242766275,1.99982816915905,0.09950646297114009,-2.5166093768692956,-0.6830989551822088,0.7875211624449694,0.44431140294680643
-0.00022977038654303783,0.0001404149428285706,-0.00039133648174960456,4.560149452714768e-05,0.00024454314527133647,2.374185110376459e-05,2.5304218652550827,0.33273427602183864,-3.010468685801004,1.4366835373722888,-0.881675395882114,-2.206954418143878
-0.00040633950497603877,0.00023743665532993674,-0.0004241518527248189,-2.3835981079578517e-05,0.00033594591503938176,8.00374059828357e-06,0.986175647134705,-0.030102281667576045,-2.785110621609959,-2.040591476588539,-0.9090858095323824,2.469504665699101
-0.0003355356864487291,0.0001530751634017946,-0.0004201505908207892,2.236506961317275e-05,0.00029944348696631096,1.2332648659629797e-05,2.540651332731232,-0.06877612984557038,-2.2680561236271837,1.3847327498419837,-0.7897630977378589,-2.346191531752453
-0.0004136889187531523,0.00012379349888114177,-0.0003433669682593177,-2.1161291329008236e-05,0.0002716548845667077,-3.0106551234254653e-05,2.734082062065589,0.25091110625883795,-3.009189474935539,1.5467904622000335,-1.084313873855287,-3.110171883778949
-0.00034973909749957954,0.00011657301156464683,-0.0003878786299971182,0.00014490840766523405,0.0002708283572125936,9.901823958013978e-05,1.6103125929999278,-0.4219375524148198,-1.6739360713833897,-1.7549054610670787,0.5457796226342082,1.7649825365214544
-0.00034434804958571874,0.00014266491629033595,-0.00041913038691454574,0.00010081534917105728,0.00015517573632628512,7.312917594504142e-05,1.647629920402592,-0.3524105381612295,-2.2815784177525034,-2.846427520525242,-0.6608619785296131,3.053094809730078
-0.00023187808860125614,0.00012251334683810455,-0.00045902677986564555,7.583865039784143e-05,0.00015663795224618582,7.0827802085560165e-06,1.4624338902664626,-0.48031394424961255,-1.6688273590033214,0.32893506065611583,0.23111018317923027,0.30134877330493687
-0.00042657347806240864,0.00014462332678011336,-0.0003844940834412114,9.637048953781147e-05,0.0002870606737168657,-2.8776837089239393e-05,1.5000250899001513,-0.32615971442082525,-1.8776229541560199,-0.5282534214215971,0.3069322039438064,0.05259921797797796
-0.00036401050359913256,0.0002385027887328306,-0.0003233884424531652,0.0001449046962651579,0.00024778830731087,8.462417781451848e-05,1.760185094943376,0.04509586606867887,-2.71702808899617,2.9331656400371897,-0.5785160363455829,-2.997738128573753
-0.0004218743369843736,0.0002670152925450253,-0.0003223523063802247,4.293617120065818e-05,0.0001460460083562154,-2.781102528714996e-05,1.8016537731531068,-0.43604019212235334,-2.0542728884932053,-0.8231045805651752,0.9580298981030565,0.5249324205100159
-0.00024469239587254776,0.0001230356321038073,-0.0003315411807314206,-3.707609670478007e-05,0.00024713201158732545,6.67004649717029e-05,1.769316236720176,-0.259927735658598,-2.267950249896298,3.1088928047556044,-0.5237884358592814,-3.0757033273311243
-0.0002616439019655914,0.00024001405925577757,-0.00030549562272152997,-1.815093233403786e-05,0.0002248278908689727,0.00010009863384219386,1.4905234931318423,-0.3035021892757685,-1.812314069750406,-0.49412468281137273,0.36565198708654717,-0.06959931490269014
-0.000347476198545138,7.238854818059082e-05,-0.000357956386162428,6.40346395019975e-05,0.00015145102887004214,2.0818894980401126e-05,1.1254792176669444,-0.38824216379507215,-2.2241276533600187,-2.6561456164301975,-0.818044904765137,-3.021640627001912
-0.0004137579580092421,0.00014483451731717167,-0.0004646094526590261,3.0821981136242016e-05,0.00028479084289045886,0.00014769948668291732,2.3365749235120425,-0.5429698532911075,-1.5044052423073166,-2.070803232692613,0.9556283865657971,1.6252259074809765
-0.0003578366361125518,8.093423408706002e-05,-0.00039299482647958683,4.566256357119158e-05,0.0002491121243508587,0.0001217561320103755,1.5315416235143637,-0.6235106322844775,-1.60253494218619,0.07454740744663432,0.3101151973421542,0.06655739830644057
-0.0002657880092504783,0.0001591122889905705,-0.00044905481456058993,-1.8335804994329408e-05,0.0002662801871728959,-3.6410544953291435e-05,1.4146517931747704,-0.24690813053062102,-2.189424575699796,-2.3144796235910414,-0.6337802726248479,2.7028445013267626
-0.0002637088586228131,8.556308013041303e-05,-0.00032710949538738987,0.0001343663792736649,0.00020562917956823412,-4.0351186192388866e-05,1.7499554769311423,-0.29146495596841965,-1.7684822469984895,-0.8766627663978219,0.13361888430778693,1.08621156431744
-0.00038276855193863923,0.00026181060187902006,-0.00037607386389293396,2.6987315916215948e-05,0.000332316471585159,2.7465048500374678e-05,1.408749426732133,-0.14519635701924644,-2.2264789754777894,0.32408840495224145,0.6596991620319498,0.09789619705281256
-0.00023443089490537972,0.00013073002805796818,-0.0003262277038169614,3.8967983599036415e-05,0.00032636448401390794,8.671552310879349e-06,1.4101461180672623,-0.5545836303465478,-1.3598805331036086,-0.6297435437797113,-0.059723178866194195,0.604348833854459
-0.00033263366791125293,0.00019281470014398394,-0.0003879915374467302,0.00011772297101675377,0.00015470340983991804,9.998988412451837e-05,1.1616325172436373,-0.4137866262916075,-1.8911289155649467,0.8763605570945606,0.6496478614177663,-0.6999682177198685
-0.0002573079311183335,0.0002443483304768179,-0.000424281189432385,7.127492570369043e-05,0.00021751227912947257,0.0001462323934520171,2.468181407643637,0.017554506485046344,-2.5391112615217692,1.432318279001001,-1.1821167325989441,3.109750126343799
-0.0002608307097817786,0.0002622786601520488,-0.0004054376447681918,0.00010492304452469625,0.00032235452790896346,0.00014726343847470957,1.493352830105016,-0.6419734522442059,-1.454786037302408,-0.6682142063267043,0.16521455207859426,0.8497548330229395
-0.000269586379386233,7.331109571673267e-05,-0.0004613325379398958,0.00012456884266409674,0.0002697231835284697,4.95818501704548e-05,1.2611075785465202,-0.022275920180653982,-2.460411621365991,0.7640733971677691,0.825581734560026,-0.7902625523020639
-0.0004001982999604081,0.0002502090843101712,-0.0004561862019105689,2.872186386237985e-05,0.0002109418427895804,-3.0982109787025536e-05,1.5084475030241502,-0.6525807372578132,-1.424545086810562,1.4214820800718675,0.17558314118756313,-1.4351856296539824
-0.0004159335166313838,0.0002114520386804486,-0.0004299428860523591,-2.384250288045564e-05,0.00021801065332827108,-2.613556842323561e-05,1.728494113186822,0.15089424404683657,-3.1097843466903945,-3.109927540862008,-0.9303887905578837,-3.1100842825611816
-0.00025626200537409716,0.00016820571380904425,-0.00031760535007219204,-3.386060938215252e-05,0.00021130798097690473,1.1070020352832444e-05,1.887480485275832,-0.18008246654724241,-2.2572414353800134,-1.2959204323070819,1.0575535204401856,1.0289090452946017
-0.00042722203779010925,0.0002339713349357453,-0.00028833514056270104,-3.289661409233702e-05,0.00022541836918055225,3.169904718625105e-05,2.346227985170954,-0.46655808882648436,-1.9163371620428191,-1.1480820942074605,0.8344660092590986,0.6377645410356696
-0.0004002291118325729,0.00013483541353309647,-0.00031736124535441945,0.00013485900933751793,0.0002437301070044029,6.409721037314853e-05,1.3690551431376579,-0.32649205986974555,-1.8816869805793524,0.964589181683121,0.3527110871310579,-1.1678711308336964
-0.0002541240084505958,0.00016377536581835273,-0.0002723679286145142,7.543814913102409e-05,0.0002507674400922255,0.00010141562931753612,1.5811267681500172,-0.6537582209942053,-1.4036600898239169,1.1074260464142223,0.2608648778079663,-1.5304144667831594
-0.0004201360050668512,0.00023896029726078183,-0.0004591378337597263,2.528876004870284e-05,0.00026112077159989866,-2.356183487428609e-05,1.8318281686483362,-0.2547593688108795,-2.3819815338216723,3.0342175530330158,-0.6702367508930037,-3.0710765275291716
-0.00040920386072773596,0.0002469068518449191,-0.0003596267289696087,-2.4210161381432727e-05,0.00028843009484713633,0.00014918136329900022,1.887519232153859,-0.5616535193197548,-1.7038070703378012,-0.5285136632710762,0.32815888733595394,0.3137039061539939
-0.00042592847110167753,0.00014712843364250716,-0.0004676909476897251,0.00011975853650980639,0.0002039191634946036,0.00014176112891206571,1.5724506656730841,-0.5509304074629051,-1.7602694851358571,2.006536267084561,0.01229046907805627,-1.9380599260371267
-0.000264865036951889,9.917363680234104e-05,-0.0004488810539973187,4.7649359023793636e-05,0.0001579483743325838,3.250158832379668e-05,1.3700053676274278,-0.7411721937252709,-1.3755395535130026,3.110032660904273,0.21122882178517993,-2.9900109135636024
-0.00040624449313408917,0.00014231849719870127,-0.00045199661439276895,-4.3889876268465855e-05,0.0002337756425667692,9.918787232265913e-05,1.782567180620829,-0.3349958881204736,-1.7639185070929375,-1.5169902293865773,0.16854829469648977,1.2825317060310806
-0.00042599013388677776,7.635781423775967e-05,-0.00037226671731183103,4.7728392330803615e-05,0.00029613147559182096,-2.984747165513113e-05,1.8825489774520099,-0.5495714641956054,-1.4442916806417816,-0.19375904242195702,-0.009631647683567604,-0.07160053122612181
-0.00032229678665718353,7.68872945631216e-05,-0.0003953484460081924,0.00014643462397589957,0.00017998279725084387,7.998820808197138e-05,2.0732432408877006,-0.2323611687347339,-2.2176963445128792,2.3247627642142166,-0.32757138512440237,-2.657138512946427
-0.0003837284639010008,0.00015379234537782338,-0.0004660199039330237,-3.2626899133525455e-05,0.00019807805578953008,9.367858314490718e-05,1.9667313417087149,-0.3123569364993302,-1.7616025645780777,1.337013291374507,-0.5855642202376644,-1.34335265416629
-0.00030149699166504007,0.00023263036531773196,-0.00043298582930617613,0.00012152319449842963,0.00024523043172131054,3.0127609191410443e-05,1.8244284742095347,-0.2517261325097353,-1.9508125595567516,-1.5614883770732133,0.9339494491960488,0.8258125262133078
-0.00022824163507095818,0.000175948660358749,-0.00043804227055499467,3.9840370828159166e-05,0.0002486920721693764,3.767868067416913e-05,1.5891961167992803,-0.3141465809153151,-1.8759954200134934,1.2595386327829243,0.10298030223623392,-1.2868776473971282
-0.00036224118260985705,0.00013534002099557796,-0.0004226974535361805,7.579464265816682e-05,0.00030529103766685495,7.366740056458099e-05,2.063045221101875,-0.5143494511713396,-1.9301904652544477,2.898249767853033,-0.30833111741596503,-2.9487302586230597
-0.0003229649986993266,9.45122315796354e-05,-0.0004491875860921368,3.723627508556149e-05,0.000303811565891543,-3.417667838423455e-05,2.3922509218046826,-0.04748103416480186,-2.406407016607639,-1.5805263551267197,1.4287164427998509,1.2750804857145956
-0.0003345150023372767,0.0002511044424418074,-0.00039894522877492733,1.902525354946505e-05,0.0003183235745574109,2.7200150545247936e-05,1.4598963207711768,-0.4256243094451946,-1.704944034163627,0.22572394433660292,0.3258886576616338,0.21847050142830804
-0.0004156802161263684,0.00024192637924347338,-0.00045636520511838086,-2.4681929388314927e-05,0.0002847589629011438,-2.9467665668470033e-05,1.642262164693887,0.12173039950769639,-2.909202774690882,-2.9762989566317497,-0.5702637587972618,3.0601627516964798
-0.0003873476841791401,9.472173018920671e-05,-0.00046199001222024805,4.820494447788093e-05,0.00025455924457862267,9.258047978644157e-05,2.0115887054278794,-0.2699256535838267,-2.105588983466784,-1.3217326695621199,1.0697168647814126,1.0646331093263888
-0.00035105300422433316,0.00021286871305381538,-0.00030520261139077576,0.000133862559447806,0.00014553792927696207,-1.0122598489203938e-05,1.7605049753844397,-0.3196627911059694,-1.7701304020094322,-0.6097107575092267,0.3823400068298942,0.6373918679218789
-0.0004270437894406953,0.0002427445148036611,-0.00034896667907613477,0.00014839698932878065,0.00021604867674884787,0.00010250278198054019,1.799355337459299,-0.42818406514074386,-1.755602759683158,1.7841372001390234,0.1480646157339082,-1.7216949528003809
-0.00037136425400241535,0.00011827823772314616,-0.00036178641700335135,3.6290179776798936e-05,0.0003110824200174278,3.60869821633969e-05,2.2464982785470697,-0.05710212760962434,-2.697404443561793,2.141721520980553,-1.1038781419447434,3.1098971813429355
-0.00028829745774228144,8.31892615051899e-05,-0.0003979105584566156,5.619162503034403e-05,0.0003268164627936443,0.00015463417164962578,2.304681248806417,0.21039785774421912,-2.6460705851042876,1.3767519944147162,-0.728709793193446,-2.091590598469179
-0.00024177147011528177,0.00011748741101769156,-0.00042476875926222846,0.00010029167988800936,0.000230612528654639,-1.3163316438635775e-05,1.4905675926496142,-0.30348628989528575,-1.8124097673462372,-0.49395455874121263,0.36551271498322824,-0.06959492203352496
-0.00036452194260139237,0.00018753699703744076,-0.0004097899846051689,-1.7569627931202092e-05,0.0002802478373444828,9.866587665019466e-05,2.2344519099960523,-0.4905777004827273,-1.512247419648018,0.6040364853537488,-0.45209000524616066,-1.2188212874688138
-0.0002516367137133102,0.00024095895328102301,-0.00036906586628759896,0.00015076516620649016,0.00030309537786621377,0.0001419354074574386,2.2949182555595713,-0.07936649927400685,-2.3985878795360116,1.7929339331390857,-0.678639580782096,-2.373608708494042
-0.00027874895411450495,0.00024029061498076487,-0.00042530901470172466,1.7033244376740697e-05,0.00015821933216031425,0.000142179851357227,0.47351853144881867,-0.48438250886416606,-1.6383074646488902,1.898586086831536,1.47111897759824,-0.8414825898212692
-0.0002718032347823751,0.0001462759868910979,-0.00045681753586279683,0.00010423029251338534,0.00027929404836868343,0.00015089280188806953,1.7079792185069502,-0.14122920905754408,-1.9970152375277772,-0.43965637193145246,0.26951071032993096,0.48147477228603136
-0.0002394889635670694,0.00021726474315464372,-0.0003778918891148564,0.00012949083885338553,0.00021427584694500013,0.00010785810761415604,1.5066851808152952,-0.22888873609698346,-1.954231112294295,-0.6853846548779682,0.3412154972314426,0.3752409082216079
-0.00041715320543289636,9.688062233692563e-05,-0.00041770930540607765,5.315396494154356e-05,0.0002874793737488446,-2.342970146074208e-05,1.496000972865311,-0.4973226208755436,-1.5949086861706738,1.220405997662902,0.09122845684511034,-1.1717788805421565
-0.00026707305120954317,0.00017323926431078718,-0.00040146615550806786,4.2130967204734304e-05,0.0001834418181694275,3.7096151826787604e-05,1.3154880178498183,-0.5198060774565343,-1.702910624170903,0.980882780055828,0.43958211292627036,-0.9026037031598487
-0.0004031065336027595,9.58714740759703e-05,-0.0004431784613858625,8.803718190808496e-05,0.00021387352912949353,5.649368508198194e-05,1.6215467096070972,-0.4532509655605691,-1.5458224060586652,-0.9867799013447182,0.09034904193022252,0.6894705335682116
-0.0004260189006615178,0.0002521137414381869,-0.00045983592099307913,1.7452402149231716e-05,0.00014223851047834302,-2.569369163918367e-05,0.6040177495822128,0.14600768721018167,-2.6574412429247274,-1.3641705940747055,-1.1969575923023297,2.339876439541307
-0.00035984341945471954,0.0001867343962977941,-0.0004183161508244382,0.0001252089743895013,0.0002807815876826325,0.000127567043246124,1.6749717926013812,-0.7246314917880339,-1.4122415838743052,-3.1100817969408814,0.19963280494965752,2.967633117761664
-0.0004068340860960973,9.00334960158844e-05,-0.0003241555456225953,4.645681457571271e-05,0.0003005366258417297,4.886681250848568e-05,2.584324612270025,0.32237004024041443,-3.087262276642042,1.679530268443249,-1.1107396372462923,-3.0738743926838916
-0.00037542971351811616,0.00010937701618374263,-0.0004441103157093451,-2.9200279514363103e-05,0.000247118326794471,0.0001491301707119419,2.734071529501152,0.2509157717609056,-3.009335839483969,1.546807169876077,-1.0843337400805038,-3.110111778170592
-0.00040620765454502106,0.00016908207578936185,-0.0003635689205818693,8.849654123554984e-05,0.0003170059904586964,0.00013910685520190924,1.40628446599588,-0.6985530705696882,-1.4460810389766425,0.5662427020549003,0.3217606521793653,-0.5935401753580665
-0.0002352169993748987,0.00012067374374691298,-0.0002940473866992477,9.23618894947964e-05,0.0001402198621738293,7.586154693495217e-05,2.491312891883062,-0.005052842818550045,-2.634994290976558,1.7385554991165753,-0.8479679494612394,-2.257552522903724
-0.00030336375044548447,0.00018080439451129138,-0.00041112374687912734,-3.0463351617271428e-05,0.0003196753463301505,-1.763277451694023e-05,1.8668403643368456,-0.226257283532732,-2.2639050796102733,-3.1101289660322715,-0.6126011105460804,-3.1101163399703795
-0.000323247697929574,0.00022994295720391023,-0.0004371923593486926,-3.1253510166529e-05,0.00020676769999727895,5.132027636634007e-06,1.8135571458563833,-0.47362955691524417,-1.9036997114837642,-0.2891952912726454,0.753792847838262,0.1981590310436758
-0.00035019837011240895,0.00012709328512894302,-0.0003630854658327465,3.174405738359809e-05,0.0002351766354369289,6.569344108875441e-05,1.510262090517987,-0.5603563718507473,-1.738947513580146,0.7049158690527687,0.5443744020721984,-0.666907473837748
-0.00036802741689179186,0.00011539262070492384,-0.0003716814441085958,6.954883485210672e-05,0.00023823427308489187,1.4696990508156205e-05,1.3006875164330798,-0.5754276808603056,-1.7567133587884303,0.7796503119740608,0.5311015894937406,-0.7594330888935966
-0.00022935643581600829,0.0002276022298852709,-0.0004526544091314477,-3.833767637928531e-05,0.00022049452139860648,0.00015125165913865146,1.5013330343750046,0.07656449264233813,-3.109585185200529,3.109985550769885,-1.1125586105886285,-2.940917874948524
-0.00041294769935174003,0.0001715682363307991,-0.0004499411773446482,-1.7062652348798224e-05,0.0003227649513819486,0.00012705388693667885,0.5730413706369836,-0.22944779588740122,-2.069427527080127,-1.3234216166677153,-0.957543416849115,2.1445939770584594
-0.0003156704076179295,0.0001063180685427767,-0.0004258344685066362,-2.2895049293758518e-05,0.00033780698484875415,8.950786824168944e-05,0.5244281023559467,-0.377084480257934,-1.6442043570777312,-1.1472515507007108,-1.1664324191473383,1.8283126381780435
-0.0002683567734163006,9.269240817300073e-05,-0.00043013554755066963,3.988241109187385e-05,0.0002658459571120986,1.3450148580673726e-05,1.168398197455461,-0.27417646373975746,-2.1620016364464933,0.7268116014085612,0.8070321345143846,-0.8831433962382181
-0.0003224042732625776,0.00025855157096188464,-0.00031369247024404245,-1.7646833992301936e-05,0.0002454949180688004,-3.5642554345294286e-05,2.0209984394434906,-0.8084215033319558,-1.2552137849952747,1.2674178589420524,-0.13523727840346267,-1.5694577426842922
-0.00030870575906938313,0.00013778935358033095,-0.0003894582371612998,1.878895192142238e-05,0.00016334348586788394,-1.4823136578634433e-05,1.6747825012095736,-0.234281978382306,-1.9386402169062702,-1.731567512163239,0.23329454589976034,1.264472785506625
-0.000394045831733969,9.755480229589608e-05,-0.0004517628879137092,-1.7000245133402814e-05,0.0002824138615897809,0.00013599274002640271,1.3352363996261893,0.012349881122450584,-2.391103320921157,0.7400519433976228,0.6829960332941919,-0.6648750352976968
-0.00039358205626882636,0.00025403447785521394,-0.0004249848070205786,-1.885310712257393e-05,0.00033189740261718725,7.117796013655919e-05,1.1255279295806289,-0.3882429174649786,-2.2241563179538364,-2.6562429823703275,-0.8181051039166511,-3.0216502004462633
-0.0003264522223620503,8.519970791986964e-05,-0.00044589546274664826,6.213262254295415e-05,0.00022708906632296078,0.00010497791794961131,1.57313831308222,-0.06092329318426985,-2.1519810907068067,0.0015789345711573193,0.33387404813614285,-0.16377602801710395
-0.000378786895182337,0.00018798887980420176,-0.00035900841478841983,4.6650527084857174e-05,0.0002152303429907576,0.00013590324172785273,1.5896388183248307,-0.5228600164752446,-1.928352824795648,-0.22500764110579896,0.6960495463766715,0.23181560993359318
-0.00024514609345427374,8.218409384230796e-05,-0.0004621041494905498,6.465922255216583e-05,0.000261616703522094,0.00010102732398298286,1.5365486272948932,-0.5827121320872763,-1.6660832429597898,2.9810033982275814,-0.0960983889806517,-3.110082766600628
-0.0003226542504988217,0.0001481718500588869,-0.0003031709126188886,8.022336785362683e-05,0.00020511195650119163,0.00010589169936459086,1.7844684322354634,-0.4026241572576075,-1.8330754510354457,-2.095834901413953,0.1900256865951718,1.6422562659548536
-0.00038679073161507205,0.0002394825515965593,-0.0004269751567091973,0.00015045150246351113,0.00015923053322275393,0.00013548169710908553,1.4754726208618618,-0.5994986090539237,-1.6310177982701028,1.4494988822676436,0.25021812307477526,-1.7725603651606652
-0.0003764571838802411,0.0002549117994297134,-0.00035762601161160035,-2.1716878953803587e-05,0.00027887974357021506,0.00012196742633463487,2.115698178822318,0.3316746329700926,-3.1096679478415226,2.4001878294554224,-0.9775848144110433,-2.944280401834262
-0.00036697186970169327,0.00010475435704471181,-0.0004145129489057098,7.486091092978597e-05,0.00024033937481071632,0.00012533337034703607,1.2209554170303751,-0.37760983384206154,-2.2162435251822554,-2.4151004394558813,-0.7704223037804114,2.9121675111896677
-0.0003083690127718697,0.00014278134485934402,-0.0003944143924030641,0.00015038172184755894,0.000250992221629609,0.00011173115146156931,1.4557065009830001,-0.27087320215746624,-1.8651488707586823,0.6860863292920294,0.4978899439041801,-0.541819931931428
-0.00041643757450504637,0.00015323033719116808,-0.0004055458160161507,7.588164175675871e-05,0.00017341776098600548,0.00010458362478615868,1.505535612778409,-0.3048336588660098,-2.0366209301711735,-0.2373193250023171,0.5605213491887902,0.3675019295835887
-0.0003944511411786422,0.00025759353844367894,-0.0004645975070429742,2.079049758041407e-05,0.0002958945739859331,5.300176710321125e-05,1.9540352879755574,-0.3628041852062015,-2.214377247698095,3.0009737891339774,-0.6984861555429019,-3.10727064574563
-0.00038723041737664943,8.697811521596321e-05,-0.00046164331234876954,0.00011991042314996037,0.0003351534363709163,-1.787789481344504e-05,1.5709514047948032,-0.30160374274702106,-2.1169985828357007,2.8961167808704738,-0.2686497953427421,-2.842057926505876
-0.0003841183830646244,0.00010669595479662064,-0.0004266907317864721,-4.5182427424350635e-05,0.00018138464484440675,0.00012235716745401248,1.3802951327859136,-0.3292763609065925,-1.9827388582066674,-0.10686428572151305,0.5041291116656189,0.046625639179847946
-0.000238271108274013,0.00016876300158408242,-0.0003766387950046024,-1.766661903612743e-05,0.00014482912058877417,-2.4627048784253702e-05,1.3658431749100601,-0.7669329892783245,-1.4029219083481659,0.29708094457624595,0.40107541955659987,-0.12697891410761672
-0.0002361574570830527,0.00012070633225036431,-0.0003804581950852537,0.00010090724481770508,0.00014454999029034354,8.109411160184266e-05,1.3651423169192836,-0.2967130814349721,-2.077281065660736,-2.823557881115374,-0.20774772133715352,3.015922920660804
-0.00029928423067637766,0.00022973115217350681,-0.00044182241602896966,7.505276279573536e-05,0.0001769199457477555,0.0001559762278766641,1.2945615802384969,-0.4110519818280088,-2.0042536329753093,-2.5913134513768505,-0.4586473509007859,2.4367431519315876
-0.0002420992479157391,0.00010481610952073339,-0.00044152886015069726,-3.6107483552427766e-05,0.00014450393771880954,-1.262938851809281e-05,1.8541318049994275,-0.25625817708298304,-2.0570448322449595,-0.9739684387544217,0.5658056460922062,0.6880549211192445
-0.00029977379495171874,9.858368892956548e-05,-0.0003000399600994186,-1.7955186510043575e-05,0.0003036791671595651,9.286492971583016e-05,1.2860617581031206,-0.20658882415680682,-2.0888383643923123,0.661211434682445,0.582342136804303,-0.41985706534948725
-0.0004099414626681508,9.833950448090434e-05,-0.0003417518024679822,1.6948483384737756e-05,0.00024714170770234745,0.00013035575794884124,1.3273615579754223,-0.470580570398843,-1.6639442482624356,0.9947845093142823,0.46447706396530225,-1.0794575855782815
-0.00025719030444637525,0.00022640774080784354,-0.0004523289683717735,6.739506136810292e-05,0.00016976358392462032,2.2782746031069223e-05,1.4875132303262388,-0.6120242304799889,-1.6254162989862428,0.6106181637636203,0.3004885291563247,-0.5566948331337441
-0.0003312144489315827,0.00024693442367595964,-0.00039786653475459843,8.96239093721718e-05,0.0002785507916058805,8.722830309881857e-05,2.562692403886419,-0.1276146348281009,-2.3816777026995264,1.9739464088841434,-0.9736198715362349,3.110125934059778
-0.0002651486025957439,0.00010160789717339469,-0.00027836295581984416,3.5585417339945025e-05,0.00016567146512258546,1.6247464442287196e-05,1.2020712404363618,-0.3553234277256881,-2.1728362786197866,-2.1997538120374176,-0.8975981995585981,2.583010616287654
-0.00032962449730966625,0.0002586384684866161,-0.0004676763821187535,-1.7035029164169657e-05,0.0003359157268771895,-1.4379409617681915e-05,1.6445817102379552,-0.4655151745267963,-1.7445179927282721,-0.3307803847297576,0.6017199560073231,0.27010687634903946
-0.00028279929584673624,0.00026076943743280623,-0.0003454183585089865,-1.775974158046978e-05,0.00025525531770753673,0.00013711516253689382,1.410148676777735,-0.5547121639003921,-1.3597861547778465,-0.6295707984812102,-0.05962468767852113,0.6043957814546859
-0.0002812123600675065,0.00011417830785820371,-0.00029718112361898363,1.7102823640868792e-05,0.0003184945048593235,0.00013233853348193492,0.7113575958676664,-0.39768510318657974,-1.913620442919032,1.358894909355653,1.2006537972135702,-0.8510811857426609
-0.00042541083821046044,8.873008378795788e-05,-0.0003337631236686178,2.0875930704988832e-05,0.00016435525782032556,3.0382793774208494e-05,1.5450308732415596,0.2728182216022072,-3.1013062170392027,3.0768248243527143,-0.8406579821904177,-3.0990407526931776
-0.00026832324658077056,0.00011272953805008257,-0.00043750144409226976,0.00010934938692308549,0.0002142685981532111,5.856310976604107e-06,1.5623789328040818,-0.33152060777975456,-1.7978465688664125,-0.6355055004376763,0.3126524578835257,0.37458320408533713
-0.0003217036272111784,0.00021516118352504776,-0.0004466485908292128,-2.597907559565016e-05,0.00017040698707049273,7.529040837184198e-05,2.286351329870648,-0.22728960962094294,-2.439146317192926,2.4302495170005005,-0.9578243856659571,-2.801648238862421
-0.00030520727787575197,0.00023987220133658838,-0.00043193420246367964,1.6912905466348604e-05,0.00029980392591877347,9.383290788811394e-06,2.0414357265002363,-0.6339326267728665,-1.5128036517030445,-0.9683541840562786,0.46542260372608113,0.6719382533342779
-0.0003209861656294777,0.0002542837025298894,-0.00035077651363124573,3.179954598397927e-05,0.00026829502937175675,-2.4422387562061942e-05,1.49056027459964,-0.15070584473361615,-2.1541818937483606,-0.01573885386804718,0.6139437105641151,0.012595656886816539
-0.00041775936677090897,0.00025295279463222187,-0.0004657256810212118,2.0206455080717944e-05,0.00021244064878622737,6.864752852475675e-05,2.146752600825848,0.17153660011469513,-2.783023417933897,-1.4568306922116336,1.3087799452308686,0.6057752773133861
-0.00032551768196587005,0.00026004822934755367,-0.0003142430537206309,0.00013687342076718068,0.00029582762422109,0.00010017875851531244,1.1338907053514764,-0.17201905217959496,-2.4226529583312653,0.5330415280284884,0.9919771930870047,-0.7416901014864862
-0.0004190903657210754,0.00011847314894009031,-0.000368681382089342,0.00013151586317672326,0.0003167685245752949,-2.1809766603375635e-05,2.555244515555826,-0.5178005126602474,-1.3078435634512848,0.867934616249803,-0.9332522681598892,-1.5405908055317963
-0.0002486047530343427,0.00015796142859780815,-0.00044315924137361407,-1.9853737016184425e-05,0.00014686644441308516,0.00010552758136483931,1.864444725105458,0.34761710456461115,-3.1096894450343475,3.110085295662694,-0.5740849653558959,2.6562233995444164
-0.0002355300214054168,7.104596978990685e-05,-0.0004669800673511304,0.00013494338285369167,0.0002654825116819026,1.815480361422317e-05,1.6830601788693942,-0.4628056300344289,-2.078599234491256,2.9049802028912395,-0.46376301506406264,-3.1101366634673204
-0.0003635212221624329,0.00019526362879407344,-0.0004525713807668197,3.149897629572962e-05,0.00031595461667421887,-2.0448776668402502e-05,1.990954247748242,-0.32233051366765536,-2.2782558576010907,-0.5110479394254926,0.9816663870379766,0.44694133958698756
-0.00023113286950326994,0.0001496626653709754,-0.0003967194935237117,6.476105821651146e-05,0.00030901382914461095,0.00014437197552474856,1.81316799216605,-0.31461569428365915,-1.9263623221971615,-0.6953223898434142,0.5775133864894015,0.5089422283620016
-0.0003346754396336138,0.00018984384988129932,-0.0004060266691929826,1.8639241857520972e-05,0.00033767953685170937,2.5574062970434852e-05,1.3686061882847618,-0.664996341868215,-1.429715645834899,1.995798561237924,0.3081859368019801,-1.5981313216962403
-0.00034093045151362134,0.00020820500861962188,-0.0004482827056646599,-2.086067758000354e-05,0.00032960270865789454,-6.393538631854767e-06,1.35474604594499,-0.5150507930529875,-1.6518393715706954,0.2521769781541358,0.5799591241207123,0.07839119497241073
-0.0003459545333530656,0.00010781807743942551,-0.00042768308011442713,0.00011046364261257935,0.0003204701050147918,0.00014997498913160712,1.7481285129723074,-0.5918509389090028,-1.6117998742162434,-0.629947289360086,0.36320610035397377,0.6385313626853559
-0.00038515350279944016,0.00016637503306249357,-0.0004641984620752382,0.00011608199924673102,0.000332292482802643,-2.8313239580413097e-05,1.6145084642511547,-0.1753744373730371,-2.2038590444076562,-0.4082692219730916,0.7121517746326056,0.4934080578105057
-0.00032820391801902105,0.00024397203937187584,-0.00027814587438346194,2.1624910604423064e-05,0.0003321711388828419,0.00013534290960137696,1.864708844926911,-0.12020674881059562,-2.068176006806037,-0.6612795565362136,0.3628202326687213,0.4928165162720334
-0.0004184773117517082,0.0001813152094181092,-0.0003933374324720518,-2.9640506708616954e-05,0.0002565130088605372,4.9989452351795194e-05,0.4681957831475162,-0.27734032927608293,-2.2447609674694977,-1.813143086036234,-1.0279055315754466,2.2063651352325695
-0.0003302830918441302,9.507050715384935e-05,-0.00046282585584656033,4.714395001315097e-05,0.0002214948714449605,-1.592958931606603e-05,1.4958494997683667,-0.4972569185026145,-1.5948680444797436,1.2202539332198483,0.09134044441555074,-1.171628598176421
-0.00030627723615417324,0.00010029298033220613,-0.00036403715006816384,0.00013872305297812915,0.00022899466422021675,1.9500300918906532e-05,1.346320070116144,-0.5390272733061912,-1.5662535466650438,1.0696260817438366,0.40903012266830013,-1.1063820577840628
-0.0003664459994805469,0.0001268478949505436,-0.00041723835565665723,1.7232090030461222e-05,0.00024091537324544277,-2.759443175204268e-05,1.9897144359603824,-0.5050966363170197,-1.8172076478947135,-0.7196534840610322,0.5438912645074587,0.4821936819394424
-0.0002864372650588365,0.0001652258196465084,-0.0003258832182497784,0.00014639185741316396,0.00033764456108631435,9.343539728412509e-05,1.4898348552527836,-0.5993605490425782,-1.4707927755910832,0.8371298892621588,0.19819790053442973,-0.5598925319546523
-0.0002784397395867444,0.00018469063135828634,-0.0002855388100959644,0.0001135628888002671,0.00016013819325788603,8.32149796092807e-06,1.7524137124251884,-0.7813021973094321,-1.3297408441673633,0.1338374347820963,0.21900333998694946,0.05799199145081519
-0.00036775780336650854,0.00015922671909063268,-0.000280417383423881,0.00014166640564017285,0.0003388793883214447,0.00013274792332929053,2.2461458190824124,-0.21691943164046562,-2.2155737854349793,1.8569226900262503,-0.45526626198731435,-2.1926874770593265
-0.00028410840967652007,0.00019982012374075708,-0.00045142744721715644,-4.209360228468739e-05,0.00030279610292271997,5.8851780162960665e-05,1.8980280884138108,-0.5339725672396005,-1.7552786568840972,-0.4053794281139821,0.5364823811360879,0.33761594488098906
-0.000422237693036287,0.0002044548546953351,-0.00036867941276153005,-1.789876786784106e-05,0.00029597466456632304,0.00015118520050716455,1.9895853248225297,-0.7137806465923324,-1.3456038999497562,-1.8368674326477339,0.5807914582373981,1.660646669477505
-0.00033972049519714886,0.00021628678756080433,-0.000400638218452265,7.474622758074645e-05,0.0003300423975964861,9.9163432071947e-05,1.438613438158847,-0.5211757777611545,-1.6641679658548256,0.6990492248468598,0.3049387504875385,-0.3361654251165314
-0.00037258368380754803,0.00016304491204888194,-0.000384831569544275,7.869665055793007e-05,0.0001674182318698314,0.0001308954773584503,2.5842813229276884,0.3223953839634974,-3.0872092017040296,1.679518511332212,-1.1107344784026334,-3.073950334537862
-0.0002465030427174497,8.007140224552955e-05,-0.00046603918358112395,-2.0470501071123692e-05,0.00024279884593347845,-4.2036631329622764e-05,1.9228941893891693,-0.45087102678911356,-1.6297596835373724,1.5106459937927232,-0.4858528946461804,-1.592762995416744
-0.00034877329738769447,0.00012314584289896402,-0.0004665224592379502,-1.7166280550817703e-05,0.0003186850889767001,5.248978927063774e-06,1.8847426963495082,-0.22738080665643046,-1.953894326880776,-1.3086060825144754,0.362142515952529,1.432011495629561
-0.0002348146338633228,0.0002371739263855588,-0.00045528090694002543,1.8353852005326132e-05,0.00027763536925107246,0.0001261021239926663,1.2656438521149034,-0.5165065739709165,-1.7071661813225367,1.524031740973966,0.551195914020974,-1.0837899945119158
-0.0002729468492290721,0.00026111636468328925,-0.0004526568955203203,0.00010779446472586329,0.0002585809589872312,-3.740644772776136e-05,1.5600580475350423,-0.4140307144264647,-1.7024184800483977,-0.029600151146434273,0.3808326005410257,0.25056889426226625
-0.00028851023213238847,0.00013933685901346138,-0.0003351849203125923,-1.710491507456169e-05,0.0002854628774713319,0.00014601094196819986,1.390775004951489,-0.5568414429371286,-1.655526015964617,0.9813988390808733,0.26605861729695474,-0.4195075954993452
-0.0004100966142308593,6.825451334702137e-05,-0.00043352191389534056,-1.700580242580685e-05,0.00033077670934300585,5.200625849699492e-05,1.7416637728351916,-0.5805245153667029,-1.5308785820622621,0.5757674824028177,0.14518202382353626,-0.5270548641407142
-0.0003968941574141738,0.00022785917145728973,-0.00037565237450198907,1.7430221777914312e-05,0.0002296548583498037,0.00011585312991524432,1.1136003618530779,-0.29211578396342575,-1.9260820330089854,1.4042290662831531,0.7349001270338381,-1.130260140975467
-0.00040315466410589806,0.0001922366746489601,-0.0002893413159323899,-1.719446510950462e-05,0.0003077103355355604,-1.989557020376509e-05,0.5361201135398111,-0.2994883248315116,-2.254159080073686,-1.8874894314344637,-1.0849621028918492,2.6117528403833417
-0.00035676439707810204,0.00015843002668614048,-0.0004289562698831517,1.935019939125482e-05,0.00020135213042227207,-3.0029954629640088e-05,1.4959725056614324,-0.6430799246097771,-1.5208756635379377,0.15417161373150554,0.23714850590937683,-0.29896413595172217
-0.0002549276337120432,7.512456019931335e-05,-0.00042383851325489275,-1.9060856430108686e-05,0.00032040009489708865,0.00014561262041379308,1.6538127915022915,-0.36091236470006066,-1.6472348936375554,-0.7698775583549623,0.16403953793324216,0.7623003883345071
-0.00029113837764160877,0.0002297223639358137,-0.0004537836893625524,-4.51529514160498e-05,0.00021273541124511297,6.59850787014804e-05,1.9683586568244944,-0.5847808827257215,-1.5046823115475618,-1.3181035092067348,0.43477484837165,1.3875395367042713
-0.0002556456546747299,0.00016668197571867438,-0.0004359995382268167,0.00013957157045307866,0.00021123123978039615,-2.903851453783801e-05,1.5622294219537283,0.12037979005121782,-3.1095489490706356,3.1100820325843985,-0.9777668109254176,-2.9763023904272874
-0.000324778358383071,0.00011920054458425255,-0.0003115753630567042,0.00013878268830058715,0.0002722384346514062,-2.8646111040586675e-05,1.654731508232538,-0.27522494758352706,-2.2483085616748237,3.107883063749945,-0.5787698255016328,2.8952737852604753
-0.0003116170651500383,0.00011032991778492374,-0.0004517052959007728,-2.5655508881783362e-05,0.0003008044722792036,6.93781735927601e-05,1.5607802709267067,-0.35503839937614284,-1.749180634053266,0.5109725218035517,0.30449603304460904,-0.755234480046787
-0.0004170371992850974,0.00010263676710575709,-0.0003814105637509613,-2.5918427945192946e-05,0.0002737252550790714,7.541000623767502e-05,1.8826037729000262,-0.5494822997518257,-1.4442097736376636,-0.19376007341425447,-0.009742012695110639,-0.07177403066880535
-0.00031355698036517055,0.00026017303695624605,-0.0004019965500798861,3.730018643643973e-05,0.00017075112679520998,2.3084760325531306e-05,1.3533560462910312,0.02994658263956316,-2.7258541382149235,0.24482382451565535,1.1707376582286941,-0.3842184960945237
-0.00034825197498644656,0.0001563449026971142,-0.0004084748220627432,9.262244739716152e-05,0.00019573360679725482,0.00010238169878551417,1.8915547980695953,-0.4150223174398592,-1.8004031820401307,-0.5023643895231358,0.26807504324221476,-0.1900283424400119
-0.00033313586733019207,0.00024435219047536094,-0.0004327659986174126,-2.6413565465510658e-05,0.00022156022538677433,5.602257331638327e-05,2.2464906172257293,-0.057103162336152785,-2.6974284163802817,2.141731058275805,-1.1038241782318146,3.1100321085422977
-0.0003933749213276272,0.00015474412537574977,-0.00046036605535171304,0.00014518140993047268,0.00028333063645202827,-8.785430510194203e-06,1.7293867373545964,-0.3957515869846231,-1.7031858820084866,0.3211318880176983,0.06375979129909609,-0.4607311275910579
-0.0003825093908869093,0.00011705238600878687,-0.00046315928019780017,3.786698045527004e-05,0.00019042816990566536,8.968814881793463e-05,1.4093919547423348,-0.7390263273474272,-1.3176661893864965,0.480502754935043,0.15279834757874045,-0.434172711261264
-0.00036174661368448824,0.00021568986239994814,-0.0004524274169179776,2.4653082937753368e-05,0.0003371849584956621,0.00014516224223903862,1.7196015364634374,-0.6249572382005979,-1.601064145064696,-0.7652053074292042,0.6266949563589912,0.8193372627319874
-0.00038147711365699166,0.00024337271958607687,-0.00035055702646591413,-2.4381221086500204e-05,0.00027642069052191687,0.0001492323015712671,1.765968993828167,-0.18527410054367485,-2.4382759242923964,3.0418300502503905,-0.6810759994876013,-3.1101368474595943
-0.00041877928288336363,0.00010281810374035416,-0.0003596931781340018,0.00011158118721876775,0.00027711097211113866,-9.948266004755624e-06,1.213572959750902,-0.5114223252782026,-1.664075649946471,1.315410632669198,0.8829747044272197,-1.2602920191375369
-0.0003759825436553399,7.369958696390455e-05,-0.0004682746477966404,0.0001017643797425194,0.00023554691794824834,0.00015116069975817936,2.4305707125514777,-0.3341736555970286,-1.6711915116545555,-1.8842087212644751,1.5357585036620645,1.0882246807336393
-0.00041324962473776594,0.00015992760985650278,-0.0003471412631812498,-1.8690995970516155e-05,0.000277193702791223,0.00011640092020837045,1.552861928945502,-0.1981984528396555,-1.9916984924490797,1.1940804736234398,0.07970452163264112,-1.1255755090098563
-0.00040220963331982773,0.00013300938766036552,-0.00044224794495839603,0.00011084094092428387,0.00015336403452703706,1.9189711081502026e-05,1.4455027070532709,-0.5596248345817663,-1.578617634812012,0.3473476875311802,0.111359714943857,-0.26524654800720165
-0.0004119774689925748,0.00010884570805647087,-0.00041310840634700696,-3.400356346006106e-05,0.0003053831906818516,-2.8126693487173782e-05,2.115717855792729,0.33170928628494756,-3.109757586533291,2.4000446187040914,-0.9776142631578866,-2.9442412013012205
-0.00037659750432972317,0.000159294413664135,-0.0003901806290809162,0.0001349796360878841,0.0002361053691837256,0.00014979327474584636,1.5948318074124033,-0.7579511904174485,-1.3677640760221392,0.943393648596861,0.0850852737288285,-0.7091031463667123
-0.00023775944931969661,8.27525992175282e-05,-0.0003673089091575932,-1.6884714113984955e-05,0.0002737844654321364,5.514009707496825e-05,1.6205707925476847,-0.21287334021146956,-2.284292179455265,-0.17927303647567555,0.8560379207820308,0.17968446726743711
-0.0003621202517249955,0.00025990424012789504,-0.00037344145512108184,0.00010023562287564403,0.0003073606953805097,8.692926448183869e-05,1.2827781382329104,-0.260971467217514,-1.987812368569696,0.7044869957855368,0.6790679568830287,-0.8543451568129272
-0.0004130291680821685,0.00023429400021957036,-0.0004391283175895211,2.100318833431203e-05,0.0002307761559148247,0.00012732331175779876,1.7257962827741544,-0.7668236355650333,-1.4153945198813835,2.1138162315158024,-0.00010312201533050402,-2.1151307176005703
-0.0004033388450048747,0.00021538189899494853,-0.000325938682156135,0.00011897873364130618,0.0003034674439774676,7.668360381973827e-05,1.3897864049188455,-0.6374973112951184,-1.5672302824397308,-2.5691405927349615,-0.00039934132551033526,2.737027436670824
-0.0003929242868583316,0.00012814677872263758,-0.0003179553854817385,7.554044242930047e-05,0.00014690990041899,0.0001440289854075516,1.468422616186373,-0.1519194265215847,-2.2952777892821468,0.1905845039657204,0.7556052221907243,0.0831128958821536
-0.000350465790545762,0.0002674402473274995,-0.0003837461885307647,0.0001401160675182922,0.0003322316284863902,-3.984597556883074e-05,1.4368805648011191,-0.39999026230237283,-1.8226620174449772,-1.4009708965000462,-0.017053645871563366,1.2196217946684018
-0.0004009118719556781,0.0001836777673496215,-0.0004308657212019895,5.2379106634248274e-05,0.0002350865939790836,0.00015526930212317325,1.5395386121036592,-0.30882616581819855,-1.8996404890420076,-0.1014962905320523,0.6803352698552606,0.13697095220784836
-0.0003032459870917492,0.0001227378921075939,-0.0003759349040519666,6.207844761974002e-05,0.0003296196248818717,-3.585866418909234e-05,1.6745886721034167,-0.6675351743479606,-1.5556652830262454,3.0851806757151192,-0.07218993490344455,-3.110162830512528
-0.0003776742476802042,0.00024137384925104755,-0.00039987656580553477,5.7909974857217605e-05,0.0002862555245313203,6.981569279851385e-05,2.0100867898815733,-0.5694093773723427,-1.7794934592948886,2.9590598773888477,-0.23866184527980755,-3.1100955302786777
-0.0002794892136916971,0.00021033125907443662,-0.0004606008771341763,4.087394387042309e-05,0.00022856931988801676,4.4738544709765904e-05,1.748256569735936,-0.11431770568519271,-2.086314623562444,-1.733087593319593,0.8018850861688678,1.7295765098210374
-0.00030196396311410467,0.00011387143204011352,-0.0003587254582688715,0.00011990173098386236,0.00032037601905177127,-5.068960842180559e-06,1.652947730426699,-0.4472478301923092,-1.9356830987903886,3.1101617386067875,-0.4127615425725047,-3.0154107118956226
-0.0003433639614129902,0.00017811809496315334,-0.00046281817576510065,0.0001453273557219248,0.00031880418745267036,1.0562967510452381e-05,2.491417528543746,-0.0050223608223024995,-2.6350134517738186,1.738541497733269,-0.8478678407097245,-2.2576687006800404
-0.00023850497648858493,0.00012705876935115157,-0.00044116725141929436,5.694877425632683e-05,0.0001848282333494211,0.00013638984688579825,1.6142835015482877,-0.5135323581030082,-1.7327682099185497,0.4524587492459211,0.48456962336554343,-0.6583150315451962
-0.0003957060016812619,0.0001713461557120155,-0.00046788592043878197,0.00011768272175238792,0.00032780013933120244,0.0001358857244850853,1.3155641774035138,-0.5197365918706771,-1.7029042217489743,0.9808915920733339,0.4396331054227683,-0.9025993490518635
-0.00042553172652848303,8.759259663548846e-05,-0.00045967509606459345,0.00011915994053701695,0.00030746241768575544,7.389139078295415e-05,2.3569487815150665,-0.07740657367533617,-2.1980965026879815,-1.8317592270197751,1.141421665058918,1.2342755498168918
-0.00030459236990498795,8.480302131541606e-05,-0.0004649481516798559,-4.177505798441672e-05,0.00016816452500734158,6.810856771810592e-05,1.9778801605077836,-0.589831771867222,-1.535335949616274,1.2331528153716629,-0.130678956377704,-1.4761334837590139
-0.00031313477561045744,0.00013732219110451638,-0.00042956437060759356,2.4617113092872955e-05,0.0002019950762157663,-1.3881665459791748e-05,2.5863208371325936,0.16922352547004915,-2.641944853185141,1.4519489105253327,-0.8825322054886434,-2.330942784468346
-0.00023810913183641702,0.0001301778879803095,-0.0004222619383611459,3.629430247720222e-05,0.0002350474273615788,0.00013256359657098926,1.4782105057619785,-0.37702916739374565,-1.939243856536307,0.34594550376400796,0.5011633461664752,-0.543015227020645
-0.000300948189931205,0.00022506593281867993,-0.0004330583876770433,0.00014321393799487936,0.0002999996379520198,9.301029836006336e-05,2.3499100459640734,-0.43832463127776355,-1.9361813175522757,-1.0725688511053997,1.0366795794962531,1.195643212419953
-0.00027818392832479333,0.00025912254868742934,-0.0004303471555227034,1.7867654453773696e-05,0.00025692915622954615,5.254380257113667e-06,1.6386147263771798,0.34243587092469224,-3.1097064477329273,-0.20694882033460274,1.3077836115471462,0.471044887099627
-0.0003881830707994638,0.0002543426334975507,-0.0004373929239918084,-1.887160631941498e-05,0.00020491476138495557,3.713238980829203e-05,2.7340500327977693,0.2509212002979335,-3.009291928152263,1.546791932363917,-1.084397727700958,-3.1101677328886694
-0.0004117924657558447,0.00020247295726871783,-0.0003752810682797758,8.656414773078325e-05,0.00033135751593516005,0.00010422527059095188,1.5925342986203077,-0.13230157361690015,-2.3730804202429576,0.044411893556924376,0.8310454075870294,-0.11728854940022246
-0.00036386327817883313,0.00018761261397592932,-0.00038128964809303056,1.7116292747587636e-05,0.00022768386845495314,-3.5550290558461484e-05,1.9858256913531183,-0.5177164388952952,-1.8898485104842633,3.0015997972896287,-0.34549222305769756,-3.11012694678728
-0.00029156593646728624,0.00021019466650695762,-0.00042800337669302024,0.00011260133990020904,0.00033729379547686733,1.0487420236238165e-05,1.6508233233459007,-0.6038320477827231,-1.6221963619091506,0.4476169930347151,0.29798197472134735,-0.536482626431883
-0.00028501691347404545,0.00011287403194337742,-0.00045435723416709095,0.0001247912754385183,0.0002857719627398225,5.133126800949128e-06,1.3010005388638974,-0.6011235586980764,-1.7588797610314517,-2.1210926316441374,-0.3960346580880307,2.488731315797915
-0.0004101005304661953,9.569705729539635e-05,-0.00044965273837949127,0.0001143037230821875,0.00023731109634184122,5.149274119098379e-06,1.4378049796947217,-0.1765413446833877,-2.3980464712424547,-0.07540423454511959,1.1324308287554503,0.11046419859815675
-0.00040588692037335505,0.00012498196508570203,-0.0003824740838762608,-4.7627418261697585e-05,0.0002695125408678223,8.68313138511212e-05,2.4610598811550664,-0.023792491442329356,-2.576101638438542,2.0938035572135014,-1.038697445729413,3.1066864672097703
-0.00028713718374095976,0.00010186587587401874,-0.0004378983744883769,-1.8162595077697574e-05,0.00020546644224594957,-3.778923636588161e-05,1.7240936260750073,-0.6037665212396731,-1.5789224087271927,-1.1510614251531357,0.6000874051665244,0.8634311720781843
-0.0003887102798580955,0.00015793104765915444,-0.0004666819750029916,-1.8394452935055483e-05,0.0002455144962496547,3.390469229813675e-05,1.346217103822824,-0.5390846680076664,-1.5662071169943952,1.0695923718743958,0.4091092262096743,-1.1064055970082833
-0.000389124138163055,7.043407990359185e-05,-0.00041336428401095304,0.0001071732058477437,0.0002545624620635678,8.666195427409207e-05,2.1606136310209427,-0.46554012848290477,-1.981295478619984,-1.2412984751959175,1.0682699224715981,0.3561445196327054
-0.0003945221861600956,0.00022973389125358068,-0.0003879575459766471,-1.6892916632649246e-05,0.00024895192089946505,0.0001509134961708014,2.2460332066822546,-0.21693517586107075,-2.2156157409290684,1.8569548703105865,-0.4552107663105435,-2.19269311125813
-0.0002964538584286913,6.858556450151099e-05,-0.00044945782281846647,-1.759713292592835e-05,0.000335135665134878,-2.945596461145783e-05,1.8527802361280297,-0.5481797481778442,-1.6035787419180452,-0.711359844350599,0.16642767206329412,0.6408180717658404
-0.00026854207265092356,0.00016987056641770693,-0.00046068793757036985,-3.2753211164582297e-05,0.00024110315147485295,0.00011915659644223808,0.9682910683098908,-0.4754851016405722,-2.007303365270344,-2.322614166609931,-0.4826571050261624,2.583252801287559
-0.0003773063103738039,0.00023061678480384984,-0.00031481043914904916,0.00014559727379559462,0.00018647963077533802,-3.7746844899544385e-05,0.7133803044188455,-0.30904844295331557,-2.102501872055877,-1.8183933683070328,-0.7465300234073646,2.368547740001771
-0.0003716819282555406,0.00019651327728720247,-0.00037564086840014,5.5983314202201484e-05,0.0002973091103886105,5.878688310367863e-06,1.9402836364181935,-0.31759165243769627,-2.113749654387249,-0.12560268668076977,0.7418469354361802,0.2645504321859694
-0.0003857861882252678,0.00010893791612076598,-0.0004491099364010154,0.000113065743464702,0.00024144590346342198,0.00013069646944430247,1.5553890144194782,0.12788970243973727,-3.11011526337543,-3.1095955825002557,-1.177682934110213,-3.1100788610785264
-0.00026140164399368615,8.314640243689553e-05,-0.0004278244934567965,5.624876495957665e-05,0.00021343777200044656,4.788310219172587e-05,1.5710810370613209,-0.3016219107774209,-2.1170261203530902,2.8960979046666258,-0.26859989074495866,-2.8420751687519044
-0.0003415202020597974,0.00012017519326334991,-0.00045430146512348557,8.338091554538352e-05,0.00027372832072902753,7.710552182604857e-05,1.3325307470554042,-0.6337091205770966,-1.525161155824047,0.6598747415459562,0.4530624707306717,-0.7943181229605273
-0.00036033318535988457,0.00019021291657583816,-0.00039768537033335605,5.3284324128100025e-05,0.0003004464838287646,2.7421866468202438e-05,1.7898549041550489,-0.3976004491292807,-2.1110543550140224,-0.06194950466750697,1.0093201654633013,-0.2196597745991591
