sa,sb,sc,sd,se,sf,m8a,m8b,m8c,m8d,m8e,m8f,m4a,m4b,m4c,m4d,m4e,m4f,m9a,m9b,m9c,m9d,m9e,m9f,m2a,m2b,m2c,m2d,m2e,m2f,m10a,m10b,m10c,m10d,m10e,m10f,m5a,m5b,m5c,m5d,m5e,m5f,m11a,m11b,m11c,m11d,m11e,m11f,m1a,m1b,m1c,m1d,m1e,m1f,m12a,m12b,m12c,m12d,m12e,m12f,m6a,m6b,m6c,m6d,m6e,m6f,m13a,m13b,m13c,m13d,m13e,m13f,m3a,m3b,m3c,m3d,m3e,m3f,m14a,m14b,m14c,m14d,m14e,m14f,m7a,m7b,m7c,m7d,m7e,m7f,m15a,m15b,m15c,m15d,m15e,m15f,ga,gb,gc,gd,ge,gf
0.05726661679062239,0.14387548118888738,-0.2763341967459283,-0.0005199836209950348,0.6760014179146259,0.003434898077941284,0.00663474637794273,0.1261893804961,-0.24716153522801976,-0.07742325727477853,0.6135347535177763,0.05323506391266556,-0.043997124034736934,0.10850327980331262,-0.21798887371011125,-0.15432653092856202,0.5510680891209266,0.10303522974738984,-0.0946289944474166,0.09081717911052525,-0.1888162121922027,-0.23122980458234552,0.4886014247240771,0.15283539558211412,-0.14526086486009626,0.07313107841773787,-0.1596435506742942,-0.308133078236129,0.4261347603272274,0.2026355614168384,-0.19589273527277595,0.055444977724950495,-0.13047088915638566,-0.3850363518899125,0.36366809593037785,0.25243572725156266,-0.2465246056854556,0.03775887703216313,-0.10129822763847712,-0.461939625543696,0.30120143153352824,0.30223589308628696,-0.2971564760981352,0.02007277633937575,-0.07212556612056861,-0.5388428991974795,0.23873476713667863,0.3520360589210112,-0.3477883465108149,0.002386675646588371,-0.04295290460266007,-0.615746172851263,0.176268102739829,0.4018362247557355,-0.476979758460585,0.0071884104109519,-0.06282393479790288,-0.5390033427409481,0.20979667894627232,0.36368992544136297,-0.6061711704103551,0.01199014517531543,-0.08269496499314569,-0.46226051263063306,0.24332525515271564,0.3255436261269904,-0.7353625823601251,0.01679187993967896,-0.1025659951883885,-0.38551768252031815,0.2768538313591589,0.28739732681261787,-0.8645539943098952,0.021593614704042488,-0.12243702538363133,-0.3087748524100032,0.3103824075656022,0.24925102749824535,-0.9937454062596653,0.026395349468406017,-0.14230805557887413,-0.23203202229968822,0.34391098377204554,0.21110472818387283,-1.1229368182094355,0.031197084232769547,-0.16217908577411694,-0.15528919218937332,0.3774395599784888,0.17295842886950027,-1.2521282301592054,0.03599881899713307,-0.18205011596935977,-0.0785463620790583,0.4109681361849321,0.13481212955512772,-1.3813196421089755,0.040800553761496605,-0.20192114616460258,-0.0018035319687433845,0.44449671239137545,0.09666583024075519
0.2858411789840254,-0.01656435404202572,-0.5324833146193741,0.000529872076817206,0.39374244583698026,-0.007662006727306547,0.18399123511085333,-0.04673673668018165,-0.5790701414792986,-0.024718312038635837,0.4543515086291535,0.020199343131502696,0.08214129123768127,-0.07690911931833758,-0.6256569683392231,-0.04996649615408888,0.5149605714213268,0.04806069299031194,-0.12155859650866285,-0.13725388459464943,-0.718830622059072,-0.10046286438499497,0.6361786970056733,0.10378339270793042,-0.223408540381835,-0.1674262672328054,-0.7654174489189965,-0.125711048500448,0.6967877597978467,0.1316447425667397,-0.32525848425500703,-0.19759864987096132,-0.812004275778921,-0.15095923261590105,0.75739682259002,0.15950609242554892,-0.4271084281281792,-0.22777103250911726,-0.8585911026388455,-0.1762074167313541,0.8180058853821932,0.18736744228435817,-0.6308083158745232,-0.2881157977854291,-0.9517647563586944,-0.22670378496226018,0.9392240109665397,0.24309014200197665,-0.7326582597476954,-0.3182881804235851,-0.9983515832186189,-0.2519519690777132,0.9998330737587131,0.27095149186078593,-0.8345082036208673,-0.34846056306174095,-1.0449384100785433,-0.27720015319316627,1.0604421365508863,0.2988128417195951,-0.9363581474940395,-0.3786329456998969,-1.0915252369384678,-0.3024483373086193,1.1210511993430596,0.3266741915784044,-1.064258609522596,-0.324464331374175,-0.905106939777273,-0.2276119944770426,1.0887710543253724,0.1963720243328304,-1.1282088405368742,-0.29738002421131404,-0.8118977911966756,-0.19019382306125426,1.0726309818165285,0.13122094071004342,-1.1921590715511525,-0.2702957170484531,-0.7186886426160781,-0.15277565164546592,1.0564909093076849,0.06606985708725643,-1.2561093025654309,-0.24321140988559217,-0.6254794940354806,-0.11535748022967757,1.0403508367988412,0.0009187734644694467,-1.3840097645939873,-0.18904279555987027,-0.4390611968742859,-0.04052113739810087,1.008070691781154,-0.12938339378110453,-1.4479599956082656,-0.16195848839700933,-0.34585204829368843,-0.003102965982312524,0.9919306192723102,-0.19453447740389154
-0.08397260222369152,0.03534794018736598,-0.3612909188703828,0.0002611847959217428,0.7709393437673882,-0.3347397577440061,-0.13982765212549997,-0.04848027928107508,-0.3476745353651135,-0.004386734700218723,0.8005999637689134,-0.3056230800129075,-0.19568270202730845,-0.13230849874951614,-0.33405815185984417,-0.009034654196359189,0.8302605837704388,-0.27650640228180895,-0.35462185859865386,-0.3170008237320215,-0.3073641010365553,-0.019288481820158215,0.8897497637630815,-0.19692588001122777,-0.4577059652681908,-0.41786492924608576,-0.29428643371853574,-0.024894389947816776,0.919578323754199,-0.14646203547174516,-0.5607900719377277,-0.5187290347601501,-0.2812087664005162,-0.030500298075475336,0.9494068837453165,-0.09599819093226256,-0.6638741786072646,-0.6195931402742143,-0.26813109908249655,-0.0361062062031339,0.979235443736434,-0.04553434639277995,-0.7669582852768015,-0.7204572457882787,-0.255053431764477,-0.04171211433079246,1.0090640037275516,0.004929498146702654,-0.8700423919463385,-0.821321351302343,-0.2419757644464574,-0.047318022458451015,1.038892563718669,0.05539334268618526,-1.0497282446487646,-0.8195847548505365,-0.258921173964986,-0.047289383836641524,1.0087417782162684,0.13256489203132915,-1.126329990681654,-0.7169840528846658,-0.28894425080153413,-0.04165483708717346,0.9487624327227506,0.15927259683699044,-1.2029317367145431,-0.614383350918795,-0.3189673276380823,-0.0360202903377054,0.8887830872292327,0.18598030164265172,-1.2795334827474325,-0.5117826489529242,-0.3489904044746304,-0.03038574358823734,0.8288037417357148,0.21268800644831304,-1.3561352287803217,-0.40918194698705346,-0.3790134813111786,-0.02475119683876928,0.7688243962421968,0.23939571125397432,-1.4327369748132108,-0.3065812450211828,-0.40903655814772677,-0.019116650089301218,0.708845050748679,0.2661034160596356,-1.5859404668789896,-0.1013798410894412,-0.46908271182082306,-0.007847556590365096,0.5888863597616432,0.3195188256709582,-1.6625422129118788,0.001220860876429605,-0.4991057886573712,-0.0022130098408970327,0.5289070142681251,0.3462265304766195
-0.21908093286580943,-0.26613399855306685,-0.24769058121419008,0.0016569500386403035,0.6226369254719186,-0.295399580531007,-0.2804196609541366,-0.3937275796194333,-0.2690297918807978,-0.03253231569936726,0.6804240512300004,-0.29747435306052655,-0.3417583890424638,-0.5213211606857997,-0.29036900254740555,-0.06672158143737482,0.7382111769880821,-0.2995491255900461,-0.40309711713079094,-0.6489147417521661,-0.3117082132140133,-0.10091084717538237,0.7959983027461639,-0.3016238981195656,-0.4644358452191181,-0.7765083228185325,-0.33304742388062103,-0.13510011291338994,0.8537854285042457,-0.3036986706490851,-0.5891585674744056,-0.8117751329903274,-0.34814159646622117,-0.15008647583902102,0.9008713891337813,-0.27290069661235333,-0.7138812897296931,-0.8470419431621224,-0.36323576905182126,-0.1650728387646521,0.9479573497633169,-0.2421027225756216,-0.8386040119849806,-0.8823087533339173,-0.3783299416374214,-0.18005920169028317,0.9950433103928525,-0.2113047485388898,-0.9482789235916046,-0.7778510819490563,-0.3745037727702648,-0.1602834981927516,0.9938962592876736,-0.16306185227589481,-1.0579538351982285,-0.6733934105641953,-0.3706776039031083,-0.14050779469522004,0.9927492081824947,-0.11481895601289985,-1.1676287468048525,-0.5689357391793343,-0.3668514350359517,-0.12073209119768846,0.9916021570773157,-0.06657605974990488,-1.2773036584114765,-0.46447806779447326,-0.36302526616879516,-0.1009563877001569,0.9904551059721367,-0.018333163486909887,-1.3869785700181005,-0.36002039640961214,-0.35919909730163857,-0.08118068420262532,0.9893080548669578,0.029909732776085107,-1.4966534816247243,-0.2555627250247512,-0.35537292843448204,-0.06140498070509376,0.9881610037617788,0.07815262903908005,-1.6063283932313484,-0.15110505363989013,-0.35154675956732545,-0.04162927720756218,0.9870139526565999,0.1263955253020751,-1.7160033048379724,-0.04664738225502918,-0.3477205907001689,-0.021853573710030633,0.985866901551421,0.17463842156507003,-1.8256782164445964,0.057810289129831834,-0.34389442183301233,-0.0020778702124990694,0.984719850446242,0.22288131782806503
0.3853083499043022,0.155096547582672,-0.576889847943157,-0.000682320366552247,0.6224204041679791,-0.03356253545168286,0.2779467969480519,0.13903592137703524,-0.6371987406080477,-0.05103913072533365,0.6584488749832917,-0.04970521190801017,0.06322369103555137,0.10691466896576174,-0.7578165259378291,-0.15175275144289646,0.7305058166139169,-0.0819905648206648,-0.044137861920698906,0.09085404276012499,-0.8181254186027198,-0.20210956180167786,0.7665342874292296,-0.0981332412769921,-0.25886096783319945,0.05873279034885148,-0.9387432039325013,-0.3028231825192407,0.8385912290598548,-0.13041859418964674,-0.3662225207894497,0.042672164143214716,-0.9990520965973921,-0.3531799928780221,0.8746196998751674,-0.14656127064597407,-0.4735840737457,0.026611537937577978,-1.0593609892622826,-0.40353680323680347,0.9106481706904801,-0.16270394710230135,-0.6883071796582005,-0.005509714473695526,-1.1799787745920642,-0.5042504239543664,0.9827051123211054,-0.194989300014956,-0.7956687326144507,-0.02157034067933228,-1.240287667256955,-0.5546072343131476,1.018733583136418,-0.2111319764712833,-0.9932629575877462,-0.0315498005571886,-1.2017336640198129,-0.5501816426393511,1.0210902712223253,-0.2426653228117108,-1.0834956296047913,-0.02546863422940816,-1.1028707681177798,-0.49539924060677304,0.9874184884929201,-0.258055992695811,-1.2639609736388815,-0.013306301573847289,-0.9051449763137143,-0.385834436541617,0.9200749230341096,-0.2888373324640113,-1.3541936456559267,-0.007225135246066855,-0.8062820804116815,-0.331052034509039,0.8864031403047044,-0.3042280023481114,-1.4444263176729717,-0.0011439689182864213,-0.7074191845096486,-0.27626963247646097,0.852731357575299,-0.31961867223221163,-1.624891661707062,0.011018363737274453,-0.5096933927055828,-0.1667048284113049,0.7853877921164886,-0.35040001200041193,-1.715124333724107,0.017099530065054894,-0.41083049680355,-0.11192242637872685,0.7517160093870833,-0.36579068188451214,-1.8955896777581973,0.029261862720615754,-0.21310470499948442,-0.0023576223135708682,0.6843724439282728,-0.39657202165271244
-0.4171883568220647,-0.11642200102231293,-0.22715000483107062,0.0006564082369315827,0.41941898495088914,0.39151870966321045,-0.46036465050710723,-0.14723261116556044,-0.22952674126567718,0.01211970097585312,0.522156020498198,0.31362290881518945,-0.5035409441921498,-0.17804322130880795,-0.23190347770028372,0.023582993714774656,0.6248930560455069,0.23572710796716842,-0.5467172378771923,-0.20885383145205544,-0.23428021413489028,0.035046286453696195,0.7276300915928158,0.1578313071191474,-0.5898935315622349,-0.23966444159530295,-0.23665695056949684,0.04650957919261773,0.8303671271401247,0.07993550627112639,-0.6330698252472774,-0.27047505173855046,-0.2390336870041034,0.05797287193153927,0.9331041626874336,0.0020397054231053313,-0.6762461189323199,-0.30128566188179795,-0.24141042343870994,0.0694361646704608,1.0358411982347424,-0.07585609542491567,-0.7194224126173625,-0.3320962720250455,-0.2437871598733165,0.08089945740938234,1.1385782337820514,-0.1537518962729367,-0.8507105379311114,-0.2897082567968948,-0.2915567988759202,0.06348404157191911,1.1524430816955464,-0.17299204582645658,-0.9819986632448603,-0.24732024156874421,-0.33932643787852385,0.0460686257344559,1.1663079296090415,-0.19223219537997646,-1.113286788558609,-0.20493222634059355,-0.38709607688112757,0.028653209896992674,1.1801727775225364,-0.21147234493349637,-1.244574913872358,-0.1625442111124429,-0.43486571588373124,0.01123779405952946,1.1940376254360314,-0.23071249448701625,-1.375863039186107,-0.12015619588429224,-0.4826353548863349,-0.006177621777933781,1.2079024733495265,-0.24995264404053613,-1.5071511644998559,-0.07776818065614158,-0.5304049938889386,-0.023593037615396988,1.2217673212630216,-0.269192793594056,-1.5840494436292518,0.0009790748510680736,-0.5285982603024553,-0.01692476278452886,1.1557488992251406,-0.26071144812085567,-1.660947722758648,0.07972633035827772,-0.5267915267159718,-0.010256487953660735,1.0897304771872598,-0.2522301026476553,-1.737846001888044,0.1584735858654874,-0.5249847931294885,-0.0035882131227926097,1.0237120551493788,-0.24374875717445493
0.28270441517178746,0.0930314580407412,-0.26092344816645774,0.0015378963808201362,0.5246319486156761,0.13047824514973616,0.16709339077640475,0.05168095637394431,-0.25179773218843604,0.03429416634800266,0.5988462140770325,0.0955686797347611,0.05148236638102205,0.010330454707147427,-0.24267201621041437,0.06705043631518519,0.6730604795383889,0.060659114319786045,-0.06412865801436063,-0.031020046959649467,-0.23354630023239267,0.09980670628236772,0.7472747449997452,0.025749548904810987,-0.17973968240974336,-0.07237054862644635,-0.224420584254371,0.13256297624955024,0.8214890104611017,-0.00916001651016407,-0.2953507068051261,-0.11372105029324328,-0.2152948682763493,0.1653192462167328,0.8957032759224581,-0.044069581925139156,-0.4109617312005087,-0.15507155196004013,-0.20616915229832763,0.1980755161839153,0.9699175413838145,-0.07897914734011419,-0.5265727555958916,-0.19642205362683707,-0.19704343632030594,0.23083178615109784,1.0441318068451708,-0.11388871275508927,-0.6421837799912742,-0.2377725552936339,-0.18791772034228427,0.26358805611828034,1.1183460723065273,-0.1487982781700643,-0.757794804386657,-0.2791230569604308,-0.17879200436426257,0.2963443260854629,1.1925603377678837,-0.1837078435850394,-0.8850623693117523,-0.24564608836781968,-0.18541704573687232,0.25357767403632353,1.1339371529648072,-0.19423594521413395,-1.0123299342368477,-0.21216911977520853,-0.1920420871094821,0.21081102198718416,1.0753139681617307,-0.20476404684322852,-1.1395974991619429,-0.17869215118259735,-0.19866712848209184,0.16804436993804478,1.0166907833586545,-0.21529214847232309,-1.266865064087038,-0.1452151825899862,-0.2052921698547016,0.1252777178889054,0.9580675985555779,-0.22582025010141765,-1.3941326290121334,-0.11173821399737502,-0.21191721122731136,0.08251106583976603,0.8994444137525015,-0.23634835173051222,-1.5214001939372288,-0.07826124540476387,-0.2185422525999211,0.039744413790626654,0.840821228949425,-0.24687645335960678,-1.648667758862324,-0.044784276812152704,-0.22516729397253088,-0.0030222382585127134,0.7821980441463485,-0.25740455498870135
-0.22032565800394277,-0.3162498509803493,-0.46171452905918464,-0.0005464211854331325,0.547777918883531,0.37957799128338277,-0.2612719630282346,-0.41953740596726063,-0.5107519045070061,0.03555356159452808,0.5900214461924445,0.40576022471813816,-0.3022182680525264,-0.522824960954172,-0.5597892799548275,0.07165354437448929,0.632264973501358,0.43194245815289356,-0.38411087810111,-0.7294000709279945,-0.6578640308504704,0.1438535099344117,0.716752028119185,0.4843069250224043,-0.5165753468969281,-0.7151096349600488,-0.6474640544526391,0.09609995490659509,0.6950901769135243,0.4373103728467337,-0.6490398156927462,-0.7008191989921029,-0.6370640780548078,0.04834639987877848,0.6734283257078635,0.3903138206710631,-0.7815042844885642,-0.6865287630241571,-0.6266641016569765,0.0005928448509618656,0.6517664745022028,0.3433172684953925,-0.9139687532843823,-0.6722383270562113,-0.6162641252591452,-0.04716071017685475,0.630104623296542,0.2963207163197219,-1.0464332220802004,-0.6579478910882655,-0.6058641488613139,-0.09491426520467136,0.6084427720908813,0.24932416414405129,-1.3113621596718366,-0.6293670191523738,-0.5850641960656513,-0.19042137526030456,0.5651190696795598,0.1553310597927101,-1.4438266284676546,-0.615076583184428,-0.57466421966782,-0.2381749302881212,0.543457218473899,0.10833450761703947,-1.4691097324901248,-0.5131197944307586,-0.5171005184473602,-0.20466536318556425,0.5577654023854323,0.05604250404968135,-1.4943928365125947,-0.41116300567708913,-0.4595368172269004,-0.1711557960830073,0.5720735862969654,0.003750500482323227,-1.5196759405350648,-0.3092062169234197,-0.4019731160064406,-0.1376462289804503,0.5863817702084986,-0.04854150308503491,-1.544959044557535,-0.20724942816975023,-0.34440941478598075,-0.10413666187789336,0.6006899541200317,-0.10083350665239302,-1.595525252602475,-0.003335850662411377,-0.22928201234506118,-0.03711752767277943,0.629306321943098,-0.2054175137871093,-1.6208083566249452,0.09862093809125813,-0.1717183111246013,-0.00360796057022244,0.6436145058546312,-0.25770951735446745
-0.3919348437961787,-0.13485971152947673,-0.2805481154439988,-0.001282091914647232,0.478074517249067,-0.400928314338989,-0.3602031244599538,-0.20156258868306853,-0.31131579768906065,0.05511468318484748,0.5037917309715462,-0.36914493959997985,-0.32847140512372885,-0.26826546583666033,-0.34208347993412247,0.1115114582843422,0.5295089446940253,-0.33736156486097074,-0.26500796645127905,-0.401671220143844,-0.4036188444242461,0.22430500848333162,0.5809433721389837,-0.27379481538295247,-0.29678403106227946,-0.4582144948373657,-0.43340817529779213,0.258141852515174,0.613479696710501,-0.21403304081630156,-0.32856009567327993,-0.5147577695308875,-0.4631975061713382,0.29197869654701647,0.6460160212820182,-0.15427126624965065,-0.36033616028428034,-0.5713010442244092,-0.4929868370448842,0.32581554057885886,0.6785523458535354,-0.09450949168299971,-0.6369206213398307,-0.5194415977933615,-0.5609702762429667,0.30288486085637084,0.687688230880818,0.06085749197060911,-0.7752128518676059,-0.49351187457783763,-0.5949619958420079,0.29141952099512686,0.6922561733944592,0.13854098379741353,-0.9135050823953812,-0.4675821513623138,-0.6289537154410492,0.2799541811338829,0.6968241159081006,0.21622447562421793,-1.0517973129231564,-0.44165242814678995,-0.6629454350400904,0.26848884127263883,0.7013920584217418,0.2939079674510224,-1.3283817739787067,-0.3897929817157422,-0.7309288742381729,0.24555816155015087,0.7105279434490244,0.4492749511046312,-1.3952824380799447,-0.2994668960972614,-0.6947508665179811,0.2043079603139913,0.6749312484433636,0.4215546959128414,-1.4621831021811829,-0.20914081047878064,-0.6585728587977894,0.1630577590778317,0.6393345534377028,0.39383444072105156,-1.5290837662824208,-0.11881472486029981,-0.6223948510775976,0.12180755784167213,0.6037378584320421,0.36611418552926167,-1.662885094484897,0.06183744637666183,-0.5500388356372142,0.039307155369352975,0.5325444684207206,0.310673675145682,-1.729785758586135,0.1521635319951426,-0.5138608279170225,-0.001943045866806601,0.49694777341505975,0.28295341995389217
-0.15204449138204978,-0.11823523513758705,-0.1390727233316058,-0.0012566103753162139,0.6675636179003277,-0.2729842687164812,-0.272463273950946,-0.1515368273312976,-0.14792142914317707,0.03557806180022776,0.7176322931176344,-0.21803222551818652,-0.3928820565198422,-0.18483841952500818,-0.15677013495474834,0.07241273397577173,0.7677009683349412,-0.16308018231989185,-0.5133008390887384,-0.21814001171871877,-0.16561884076631958,0.10924740615131572,0.8177696435522479,-0.10812813912159722,-0.6337196216576346,-0.2514416039124293,-0.17446754657789085,0.14608207832685968,0.8678383187695548,-0.05317609592330255,-0.874557186795427,-0.3180447882998505,-0.19216495820103338,0.21975142267794764,0.9679756692041682,0.05672799047328675,-0.9949759693643233,-0.35134638049356104,-0.20101366401260462,0.2565860948534916,1.018044344421475,0.11168003367158136,-1.1153947519332195,-0.38464797268727163,-0.2098623698241759,0.2934207670290356,1.0681130196387818,0.16663207686987608,-1.2358135345021157,-0.4179495648809822,-0.21871107563574715,0.33025543920457956,1.1181816948560885,0.2215841200681707,-1.356232317071012,-0.45125115707469277,-0.22755978144731842,0.36709011138012354,1.1682503700733953,0.27653616326646535,-1.384260033783686,-0.37750666749682255,-0.2817438196994948,0.32096433897741883,1.1075934657353088,0.2398364682609187,-1.41228775049636,-0.3037621779189523,-0.3359278579516712,0.2748385665747141,1.0469365613972224,0.20313677325537208,-1.4403154672090341,-0.23001768834108216,-0.39011189620384756,0.22871279417200938,0.9862796570591358,0.16643707824982545,-1.496370900634382,-0.08252870918534172,-0.49847997270820027,0.13646124936659995,0.8649658483829628,0.09303768823873215,-1.524398617347056,-0.008784219607471555,-0.5526640109603767,0.09033547696389521,0.8043089440448763,0.05633799323318553,-1.5524263340597302,0.06496026997039872,-0.606848049212553,0.0442097045611905,0.7436520397067898,0.019638298227638906,-1.580454050772404,0.13870475954826889,-0.6610320874647294,-0.0019160678415142318,0.6829951353687033,-0.01706139677790776
-0.15249458064092725,0.06975172072203328,-0.4882098653733671,0.0016266518047389766,0.6173182583216352,-0.2579608308015233,-0.19253102121998447,0.0009353242771126119,-0.5510041835292337,0.01693036658103549,0.648069767803939,-0.2548735911442946,-0.2325674617990417,-0.06788107216780806,-0.6137985016851004,0.032234081357332,0.6788212772862429,-0.2517863514870659,-0.3494416180674781,-0.20221189908274087,-0.7244479842334253,0.060789281358693756,0.7491493499301991,-0.23054521480859724,-0.4262793337568572,-0.267726329552753,-0.7723031486258832,0.074040766583759,0.7887259130918517,-0.21239131778735731,-0.5031170494462365,-0.33324076002276515,-0.8201583130183412,0.08729225180882424,0.8283024762535042,-0.19423742076611739,-0.5799547651356156,-0.39875519049277725,-0.8680134774107993,0.10054373703388948,0.8678790394151567,-0.17608352374487748,-0.7336301965143739,-0.5297840514328015,-0.9637238061957153,0.12704670748401997,0.9470321657384617,-0.13977572970239763,-0.8348640644416151,-0.5007885461869772,-0.9008909497244556,0.11657888578928306,0.9654919143528415,-0.09467141564790134,-0.9360979323688562,-0.47179304094115293,-0.8380580932531959,0.10611106409454615,0.9839516629672215,-0.04956710159340505,-1.0373318002960974,-0.44279753569532865,-0.7752252367819361,0.09564324239980924,1.0024114115816012,-0.004462787538908747,-1.2397995361505798,-0.3848065252036801,-0.6495595238394167,0.07470759901033543,1.039330908810361,0.08574584057008386,-1.341033404077821,-0.35581101995785586,-0.586726667368157,0.06423977731559852,1.0577906574247409,0.1308501546245801,-1.4243944151936094,-0.31140311372170415,-0.5125731514958527,0.05064759544521512,1.0669940389645292,0.17176363616590506,-1.5077554263093982,-0.2669952074855525,-0.43841963562354824,0.03705541357483171,1.0761974205043174,0.21267711770723002,-1.6744774485409755,-0.17817939501324914,-0.2901126038789395,0.009871049834064907,1.094604183583894,0.29450408078987994,-1.757838459656764,-0.1337714887770975,-0.2159590880066351,-0.0037211320363184914,1.1038075651236823,0.3354175623312049
0.35718037442857753,0.1546860110520294,-0.18702552344892265,-0.0006062433973363923,0.6439347050195652,0.14571183249068387,0.27333067256564947,0.13497395559323813,-0.2533756309752967,-0.04081247199923028,0.6107987716260034,0.14987097364221386,0.18948097070272146,0.11526190013444686,-0.3197257385016708,-0.08101870060112416,0.5776628382324416,0.15403011479374384,0.013822514607357547,0.04007509986826794,-0.4494550962445551,-0.16316147058958158,0.5407805187381127,0.18947275203584868,-0.07798623962507831,-0.015399644939119703,-0.5128343464610653,-0.20509801197614508,0.5370341326373458,0.22075624812642353,-0.16979499385751418,-0.07087438974650734,-0.5762135966775754,-0.2470345533627086,0.5332877465365787,0.2520397442169984,-0.26160374808995,-0.126349134553895,-0.6395928468940857,-0.28897109474927213,0.5295413604358117,0.2833232403075733,-0.44522125655482175,-0.23729862416867026,-0.766351347327106,-0.3728441775223992,0.5220485882342777,0.34589023248872297,-0.5370300107872577,-0.29277336897605793,-0.8297305975436162,-0.41478071890896273,0.5183022021335106,0.3771737285792978,-0.6789045756836981,-0.26474955777355097,-0.8082536297417378,-0.3479296348196647,0.508075179260644,0.34264009277135066,-0.8207791405801386,-0.23672574657104403,-0.7867766619398594,-0.2810785507303667,0.49784815638777746,0.30810645696340344,-1.1045282703730197,-0.18067812416603013,-0.7438227263361026,-0.1473763825517707,0.4773941106420443,0.23903918534750912,-1.24640283526946,-0.1526543129635232,-0.7223457585342241,-0.08052529846247274,0.4671670877691777,0.20450554953956196,-1.2785569551847487,-0.13800977419168842,-0.6604406820231374,-0.06487071273060165,0.49117390973594266,0.07747910842973899,-1.310711075100037,-0.12336523541985363,-0.5985356055120509,-0.04921612699873055,0.5151807317027076,-0.04954733268008399,-1.375019314930614,-0.09407615787618406,-0.47472545248987763,-0.01790695553498836,0.5631943756362374,-0.30360021489972994,-1.4071734348459026,-0.07943161910434927,-0.412820375978791,-0.002252369803117267,0.5872011976030024,-0.43062665600955297
-0.2843112821603695,-0.3157991632340176,-0.44481184320152334,6.004698659367591e-05,0.7039969691650967,-0.3770790356567302,-0.11321927784748187,-0.1516348412967829,-0.5356356432150878,-0.19664268006068036,0.8323953564357389,0.09787344049671909,0.057872726465405755,0.012529480640451784,-0.6264594432286523,-0.3933454071079544,0.9607937437063812,0.5728259166501684,0.22896473077829338,0.17669380257768647,-0.7172832432422167,-0.5900481341552285,1.0891921309770234,1.0477783928036175,0.400056735091181,0.34085812451492115,-0.8081070432557812,-0.7867508612025025,1.2175905182476656,1.5227308689570669,0.5711487394040686,0.5050224464521559,-0.8989308432693457,-0.9834535882497767,1.3459889055183079,1.9976833451105165,0.7422407437169563,0.6691867683893905,-0.9897546432829102,-1.1801563152970507,1.47438729278895,2.472635821263965,0.9133327480298439,0.8333510903266252,-1.0805784432964747,-1.3768590423443248,1.6027856800595923,2.947588297417415,0.6853178772508919,0.6144844593439196,-1.0157185611038844,-1.1901650533043608,1.480731839256099,2.5536437335868607,0.5143067241666779,0.45033448610689025,-0.9670736494594416,-1.0501445615243878,1.389191458653479,2.2581853107139445,0.2862918533877259,0.23146785512418466,-0.9022137672668513,-0.8634505724844239,1.2671376178499858,1.8642407468833904,0.0582769826087739,0.012601224141478906,-0.837353885074261,-0.6767565834444599,1.1450837770464926,1.470296183052836,-0.1697378881701781,-0.20626540684122663,-0.7724940028816707,-0.49006259440449595,1.0230299362429993,1.0763516192222817,-0.3977527589491301,-0.4251320378239325,-0.7076341206890804,-0.3033686053645319,0.900976095439506,0.6824070553917272,-0.6257676297280821,-0.6439986688066381,-0.6427742384964901,-0.11667461632456799,0.7789222546360127,0.2884624915611731,-0.9031143677304516,-0.7162685382594115,-0.5624020868600388,0.020620459873316753,0.6667641073539278,0.04231958160875959,-1.5706178026256354,0.008148521393023824,-0.31552052232074784,-0.0022384810870784934,0.5242739798604027,0.3309816728177264
-0.010685326070493772,-0.16149521629554098,-0.15824842308456954,-0.0011283472215550816,0.8106982475650275,-0.39280981629158784,-0.11844576486674972,-0.14236097170532108,-0.15262379215308144,0.025852223191990834,0.7310615804983339,-0.44139524691450116,-0.22620620366300567,-0.12322672711510121,-0.14699916122159334,0.05283279360553675,0.6514249134316403,-0.4899806775374144,-0.4417270812555176,-0.08495823793466144,-0.13574989935861712,0.10679393443262858,0.4921515792982532,-0.587151538783241,-0.5494875200517735,-0.06582399334444156,-0.13012526842712901,0.13377450484617448,0.41251491223155967,-0.6357369694061543,-0.6572479588480294,-0.046689748754221674,-0.12450063749564091,0.16075507525972038,0.33287824516486614,-0.6843224000290675,-0.7650083976442853,-0.027555504164001793,-0.11887600656415281,0.18773564567326628,0.2532415780981726,-0.732907830651981,-0.8727688364405414,-0.008421259573781897,-0.11325137563266469,0.21471621608681224,0.1736049110314789,-0.7814932612748942,-0.9805292752367972,0.010712985016437998,-0.10762674470117659,0.24169678650035814,0.09396824396478543,-0.8300786918978076,-1.119682908023017,0.024252477201909022,-0.14828104896500593,0.23864437713134484,0.13417369698086679,-0.8147190169341663,-1.1510761020129812,0.01865772479716018,-0.19455998416032338,0.20861139734878567,0.25401581706364174,-0.7507739113476117,-1.182469296002945,0.013062972392411332,-0.24083891935564083,0.1785784175662265,0.37385793714641663,-0.6868288057610571,-1.213862489992909,0.007468219987662488,-0.2871178545509583,0.1485454377836673,0.4937000572291916,-0.6228837001745026,-1.245255683982873,0.0018734675829136412,-0.33339678974627573,0.1185124580011081,0.6135421773119666,-0.5589385945879479,-1.2766488779728369,-0.0037212848218352024,-0.3796757249415932,0.08847947821854893,0.7333842973947414,-0.4949934890013934,-1.3394352659527646,-0.01491078963133289,-0.4722335953322281,0.02841351865343056,0.9730685375602913,-0.36710327782828434,-1.3708284599427287,-0.020505542036081736,-0.5185125305275455,-0.0016194611291286208,1.0929106576430663,-0.3031581722417297
0.19821277568656903,-0.1861741968327344,-0.46910303449616997,-0.0012051569411601903,0.4268030704910464,-0.29294078005767954,0.11529386637425373,-0.2334512218800256,-0.4258241010182264,-0.03885521777833096,0.47297536306110644,-0.2525507462292316,0.032374957061938436,-0.2807282469273168,-0.3825451675402827,-0.07650527861550173,0.5191476556311665,-0.21216071240078377,-0.05054395225037686,-0.32800527197460794,-0.33926623406233913,-0.11415533945267249,0.5653199482012266,-0.17177067857233586,-0.13346286156269216,-0.37528229702189914,-0.2959873005843955,-0.15180540028984327,0.6114922407712866,-0.13138064474388797,-0.29930068018732275,-0.46983634711648153,-0.2094294336285083,-0.2271055219641848,0.7038368259114067,-0.05060057708699217,-0.382219589499638,-0.5171133721637727,-0.16615050015056468,-0.2647555828013556,0.7500091184814668,-0.010210543258544261,-0.533334732165085,-0.5471350702483823,-0.12873468422875425,-0.26851221156378796,0.7362142103862276,0.04488606366383857,-0.6844498748305321,-0.5771567683329918,-0.09131886830694382,-0.27226884032622034,0.7224193022909884,0.0999826705862214,-0.835565017495979,-0.6071784664176013,-0.053903052385133376,-0.27602546908865266,0.7086243941957492,0.15507927750860423,-0.9866801601614261,-0.6372001645022108,-0.016487236463322952,-0.27978209785108504,0.69482948610051,0.21017588443098706,-1.0514979299037692,-0.5239319101760566,-0.04970284985346639,-0.24022026269075558,0.6722433363307545,0.18159385075670592,-1.1163156996461123,-0.4106636558499022,-0.08291846324360982,-0.20065842753042612,0.6496571865609989,0.15301181708242478,-1.2459512391307987,-0.1841271471975936,-0.1493496900238967,-0.1215347572097672,0.6044848870214878,0.09584774973386251,-1.3107690088731418,-0.0708588928714392,-0.18256530341404015,-0.08197292204943774,0.5818987372517324,0.06726571605958137,-1.3755867786154852,0.04240936145471497,-0.21578091680418357,-0.042411086889108274,0.5593125874819769,0.03868368238530023,-1.4404045483578283,0.1556776157808693,-0.24899653019432702,-0.0028492517287787913,0.5367264377122213,0.010101648711019085
0.08174580414859633,0.06957408733085746,-0.17027836091184234,-0.0011459078756965724,0.6914062632183287,-0.256548963524474,0.0025792698149510324,0.055400315008261834,-0.29854440687859085,-0.009899141704227857,0.690598815946323,-0.21319307508047097,-0.07658726451869427,0.04122654268566621,-0.4268104528453393,-0.01865237553275914,0.6897913686743173,-0.16983718663646796,-0.15575379885233956,0.027052770363070584,-0.5550764988120878,-0.027405609361290426,0.6889839214023117,-0.12648129819246492,-0.23492033318598488,0.01287899804047496,-0.6833425447788363,-0.03615884318982171,0.688176474130306,-0.08312540974846191,-0.3140868675196302,-0.0012947742821206726,-0.8116085907455848,-0.044912077018352994,0.6873690268583004,-0.03976952130445888,-0.39325340185327545,-0.01546854660471629,-0.9398746367123333,-0.05366531084688428,0.6865615795862947,0.0035863671395441332,-0.4724199361869208,-0.029642318927311923,-1.0681406826790818,-0.06241854467541556,0.685754132314289,0.046942255583547136,-0.6383877432335485,-0.025207338427811463,-1.0911306352989778,-0.0608388867977059,0.7252809741288888,0.08228556380461059,-0.9703233573268041,-0.01633737742881054,-1.13711054053877,-0.05767957104228659,0.8043346577580882,0.1529721802467375,-1.136291164373432,-0.011902396929310076,-1.1601004931586663,-0.05609991316457693,0.8438614995726879,0.18831548846780097,-1.3022589714200596,-0.007467416429809616,-1.1830904457785623,-0.05452025528686727,0.8833883413872876,0.22365879668886443,-1.4025269933118092,0.011259871654136944,-1.0814175496030614,-0.04420002942418163,0.9266385825005743,0.21890654875554444,-1.5027950152035587,0.029987159738083503,-0.9797446534275603,-0.03387980356149599,0.9698888236138611,0.21415430082222445,-1.6030630370953083,0.048714447822030056,-0.8780717572520594,-0.023559577698810355,1.0131390647271479,0.20940205288890443,-1.703331058987058,0.06744173590597663,-0.7763988610765584,-0.013239351836124708,1.0563893058404346,0.20464980495558444,-1.8035990808788076,0.08616902398992317,-0.6747259649010575,-0.0029191259734390736,1.0996395469537212,0.19989755702226444
0.4242800274115961,-0.017884186779379085,-0.4051863631104098,0.0006336535539279708,0.7856521493439192,-0.029040251026522412,0.29906330866896935,-0.05385894614245435,-0.4830144393003416,0.029620323175003283,0.7914481317074253,-0.018759790899008665,0.1738465899263426,-0.08983370550552962,-0.5608425154902734,0.058606992796078596,0.7972441140709313,-0.008479330771494913,0.04862987118371587,-0.12580846486860486,-0.6386705916802053,0.0875936624171539,0.8030400964344374,0.0018011293560188345,-0.07658684755891088,-0.16178322423168015,-0.7164986678701372,0.11658033203822922,0.8088360787979434,0.012081589483532586,-0.32702028504416436,-0.23373274295783067,-0.8721548202500008,0.17455367128037982,0.8204280435249556,0.03264250973856008,-0.452237003786791,-0.2697075023209059,-0.9499828964399326,0.20354034090145515,0.8262240258884616,0.04292296986607383,-0.5774537225294178,-0.3056822616839812,-1.0278109726298645,0.23252701052253047,0.8320200082519676,0.053203429993587584,-0.7026704412720446,-0.3416570210470565,-1.1056390488197962,0.26151368014360576,0.8378159906154736,0.06348389012110134,-0.8278871600146713,-0.37763178041013173,-1.1834671250097282,0.2905003497646811,0.8436119729789797,0.07376435024861508,-0.9173751809532387,-0.33250187301365597,-1.0948758699609447,0.25385759632534516,0.8295207179656839,0.08638979991424603,-1.006863201891806,-0.28737196561718015,-1.0062846149121611,0.21721484288600923,0.8154294629523882,0.09901524957987697,-1.0963512228303736,-0.24224205822070438,-0.9176933598633777,0.1805720894466733,0.8013382079390924,0.1116406992455079,-1.2753272647075082,-0.1519822434277528,-0.7405108497658108,0.10728658256800144,0.7731556979125007,0.1368915985767698,-1.3648152856460756,-0.10685233603127703,-0.6519195947170273,0.07064382912866551,0.7590644428992049,0.14951704824240075,-1.454303306584643,-0.06172242863480121,-0.5633283396682439,0.034001075689329585,0.7449731878859092,0.16214249790803167,-1.5437913275232102,-0.016592521238325424,-0.4747370846194604,-0.0026416777500063503,0.7308819328726134,0.17476794757366262
0.2544971592032548,-0.07751868261738792,-0.347826840557679,-0.0006804671888671621,0.7690929599835972,0.12355876989919778,0.13320385674871105,-0.20427167739892402,-0.3447034804431311,-0.015671309615015363,0.7845245655825787,0.12024761862501311,0.011910554294167292,-0.3310246721804601,-0.3415801203285832,-0.030662152041163564,0.7999561711815601,0.11693646735082844,-0.10938274816037646,-0.45777766696199623,-0.3384567602140353,-0.04565299446731176,0.8153877767805418,0.11362531607664376,-0.2306760506149202,-0.5845306617435323,-0.3353334000994874,-0.060643836893459965,0.8308193823795232,0.11031416480245909,-0.4732626555240077,-0.8380366513066045,-0.32908667987039164,-0.09062552174575636,0.8616825935774862,0.10369186225408974,-0.5945559579785515,-0.9647896460881407,-0.32596331975584375,-0.10561636417190458,0.8771141991764678,0.10038071097990507,-0.7158492604330952,-1.0915426408696767,-0.32283995964129586,-0.12060720659805277,0.8925458047754493,0.0970695597057204,-0.837142562887639,-1.218295635651213,-0.31971659952674797,-0.13559804902420097,0.9079774103744308,0.09375840843153573,-0.9011319224524985,-1.0835947537705382,-0.34527704189762287,-0.12182105979838809,0.8686478418863581,0.07774358068201348,-0.9651212820173579,-0.9488938718898634,-0.3708374842684977,-0.10804407057257522,0.8293182733982853,0.06172875293249122,-1.0291106415822173,-0.8141929900091887,-0.39639792663937257,-0.09426708134676233,0.7899887049102126,0.04571392518296896,-1.0931000011470768,-0.6794921081285139,-0.42195836901024747,-0.08049009212094946,0.7506591364221399,0.029699097433446717,-1.2210787202767959,-0.4100903443671643,-0.4730792537519972,-0.05293611366932368,0.6719999994459944,-0.0023305580655978084,-1.2638501404466027,-0.24776860180131585,-0.4999214248572697,-0.035950668059487816,0.6286879766962745,-0.018151784972693836,-1.3066215606164095,-0.08544685923546741,-0.5267635959625422,-0.01896522244965195,0.5853759539465547,-0.03397301187978986,-1.3493929807862164,0.07687488333038109,-0.5536057670678146,-0.001979776839816083,0.5420639311968348,-0.049794238786885894
0.024517382777725416,-0.013625029649872111,-0.43998242852224045,-0.001412890467975103,0.6434296108745139,0.2181639900864054,-0.023189126818078644,-0.02579214207506831,-0.5406963194513799,-0.011182405554012592,0.6010568507893516,0.19766406213508822,-0.0708956364138827,-0.03795925450026451,-0.6414102103805193,-0.02095192064005008,0.5586840907041892,0.17716413418377103,-0.11860214600968678,-0.050126366925460714,-0.7421241013096588,-0.030721435726087574,0.5163113306190269,0.1566642062324538,-0.2410428001508435,-0.06519531756597494,-0.8035353405613745,-0.037799194477449366,0.4912371538506509,0.14703459078382325,-0.3634834542920002,-0.08026426820648917,-0.8649465798130904,-0.04487695322881116,0.46616297708227494,0.13740497533519266,-0.4859241084331569,-0.09533321884700341,-0.9263578190648063,-0.05195471198017296,0.44108880031389897,0.1277753598865621,-0.6083647625743136,-0.11040216948751763,-0.9877690583165221,-0.05903247073153475,0.416014623545523,0.11814574443793154,-0.7530911904511783,-0.11679926721711846,-0.9211407282250627,-0.054685719604902414,0.4454876601432965,0.13712825188780398,-0.8978176183280431,-0.12319636494671929,-0.8545123981336032,-0.05033896847827007,0.47496069674107,0.15611075933767643,-1.0425440462049078,-0.12959346267632013,-0.7878840680421438,-0.04599221735163773,0.5044337333388436,0.17509326678754888,-1.1872704740817726,-0.13599056040592095,-0.7212557379506844,-0.04164546622500538,0.5339067699366171,0.19407577423742134,-1.3319969019586373,-0.1423876581355218,-0.654627407859225,-0.03729871509837304,0.5633798065343906,0.2130582816872938,-1.4421920459869255,-0.14258975270220908,-0.5469552701990428,-0.028789452021034966,0.6099976267631162,0.23993111975406034,-1.5523871900152137,-0.14279184726889638,-0.4392831325388604,-0.020280188943696886,0.6566154469918419,0.2668039578208269,-1.6625823340435018,-0.14299394183558367,-0.3316109948786781,-0.011770925866358806,0.7032332672205676,0.29367679588759343,-1.77277747807179,-0.14319603640227097,-0.22393885721849585,-0.0032616627890207305,0.7498510874492932,0.32054963395436
0.44546753908694203,0.09936554573988143,-0.24705462193592354,-0.001330489787482847,0.5070816658788946,-0.0590764516086999,0.3259884783808172,-0.023532200228041977,-0.24576029159656682,0.006246880995700911,0.5228391396443645,-0.03957967675037084,0.20650941767469233,-0.1464299461959654,-0.2444659612572101,0.01382425177888467,0.5385966134098343,-0.020082901892041788,0.08703035696856748,-0.2693276921638888,-0.24317163091785338,0.02140162256206843,0.5543540871753042,-0.0005861270337127328,-0.03244870373755737,-0.3922254381318122,-0.24187730057849666,0.028978993345252186,0.5701115609407741,0.018910647824616322,-0.15192776444368228,-0.5151231840997357,-0.2405829702391399,0.03655636412843595,0.5858690347062441,0.03840742268294539,-0.2714068251498071,-0.638020930067659,-0.2392886398997832,0.044133734911619704,0.601626508471714,0.05790419754127443,-0.390885885855932,-0.7609186760355825,-0.23799430956042647,0.051711105694803465,0.6173839822371838,0.0774009723996035,-0.5103649465620568,-0.8838164220035059,-0.23669997922106975,0.05928847647798722,0.6331414560026537,0.09689774725793254,-0.7593387558353044,-0.9038465008349941,-0.2846669269115161,0.05814046835917659,0.6412915191991502,0.1253592463349876,-0.8888335044024273,-0.8009788336985589,-0.33392820494131925,0.049415089457182204,0.6336841086301768,0.1343239705537136,-1.01832825296955,-0.6981111665621238,-0.3831894829711223,0.04068971055518782,0.6260766980612035,0.14328869477243958,-1.1478230015366728,-0.5952434994256885,-0.4324507610009255,0.031964331653193435,0.6184692874922301,0.15225341899116557,-1.2773177501037956,-0.4923758322892533,-0.48171203903072857,0.023238952751199048,0.6108618769232567,0.16121814320989156,-1.4068124986709183,-0.38950816515281816,-0.5309733170605316,0.014513573849204667,0.6032544663542834,0.17018286742861755,-1.5363072472380412,-0.286640498016383,-0.5802345950903348,0.005788194947210279,0.59564705578531,0.17914759164734353,-1.665801995805164,-0.18377283087994783,-0.6294958731201379,-0.002937183954784105,0.5880396452163366,0.18811231586606952
-0.29845005070431263,0.13938734532916275,-0.5802391511040979,0.0008822304190179153,0.7809050879423909,0.006151217485165894,-0.3425142365172503,0.0846677899945592,-0.523791232457611,0.11696912349961099,0.8019357189653281,-0.004639502138891036,-0.386578422330188,0.02994823465995565,-0.4673433138111241,0.23305601658020406,0.8229663499882653,-0.015430221762947966,-0.4306426081431257,-0.024771320674647906,-0.41089539516463724,0.34914290966079714,0.8439969810112025,-0.026220941387004898,-0.47470679395606347,-0.07949087600925145,-0.35444747651815034,0.4652298027413902,0.8650276120341397,-0.037011661011061826,-0.5628351655819388,-0.18892998667845856,-0.24155163922517664,0.6974035889025764,0.9070888740800142,-0.05859310025917569,-0.6068993513948766,-0.2436495420130621,-0.1851037205786897,0.8134904819831694,0.9281195051029514,-0.06938381988323263,-0.7084708839871888,-0.22969993649159234,-0.19179423677113622,0.7551674649278869,0.8939463919899631,-0.06892238304125659,-0.810042416579501,-0.2157503309701226,-0.19848475296358276,0.6968444478726045,0.8597732788769747,-0.06846094619928056,-0.9116139491718133,-0.20180072544865285,-0.20517526915602927,0.6385214308173219,0.8256001657639864,-0.06799950935730452,-1.0233145814751372,-0.17958307388743577,-0.21924914753799685,0.558382507868727,0.783961703924277,-0.06624831390582978,-1.1350152137784613,-0.1573654223262187,-0.2333230259199644,0.4782435849201321,0.7423232420845677,-0.06449711845435505,-1.2467158460817853,-0.1351477707650016,-0.24739690430193198,0.39810466197153715,0.7006847802448583,-0.0627459230028803,-1.4701171106884332,-0.09071246764256743,-0.2755446610658671,0.2378268160743473,0.6174078565654395,-0.05924353209993083,-1.5818177429917575,-0.06849481608135033,-0.28961853944783467,0.15768789312575238,0.5757693947257301,-0.057492336648456085,-1.6935183752950813,-0.04627716452013325,-0.3036924178298023,0.07754897017715745,0.5341309328860206,-0.05574114119698135,-1.8052190075984054,-0.024059512958916167,-0.3177662962117698,-0.0025899527714374608,0.49249247104631133,-0.05398994574550661
0.2163245935809064,0.14381697065190302,-0.12806124967446664,-0.0006491240525043906,0.4170100472793239,0.3109368503620926,0.038055938489145735,0.11737007071852747,-0.135596133030568,-0.2553402267342688,0.48855939756530503,0.3860922066050374,-0.14021271660261492,0.09092317078515191,-0.14313101638666936,-0.5100313294160332,0.5601087478512862,0.4612475628479822,-0.22934704414849527,0.07769972081846414,-0.14689845806472004,-0.6373768807569153,0.5958834229942767,0.4988252409694546,-0.407615699240256,0.05125282088508859,-0.15443334142082144,-0.8920679834386799,0.6674327732802579,0.5739805972123995,-0.5858843543320166,0.024805920951713037,-0.1619682247769228,-1.1467590861204442,0.738982123566239,0.6491359534553443,-0.7641530094237772,-0.0016409789816625164,-0.16950310813302416,-1.4014501888022086,0.8105314738522201,0.724291309698289,-0.9424216645155379,-0.028087878915038084,-0.17703799148912552,-1.656141291483973,0.8820808241382012,0.7994466659412338,-1.1206903196072986,-0.05453477884841362,-0.1845728748452269,-1.9108323941657375,0.9536301744241824,0.8746020221841786,-1.1380305832682578,-0.05075500835669131,-0.2132725637760464,-1.7836926512709548,0.9209330356222514,0.7902960710461527,-1.172711110590176,-0.043195467373246685,-0.2706719416376854,-1.5294131654813892,0.8555387580183893,0.6216841687701009,-1.2073916379120944,-0.035635926389802064,-0.32807131949932433,-1.2751336796918236,0.7901444804145272,0.45307226649404914,-1.2420721652340125,-0.028076385406357443,-0.3854706973609634,-1.0208541939022582,0.7247502028106652,0.28446036421799736,-1.276752692555931,-0.020516844422912822,-0.44287007522260236,-0.7665747081126926,0.6593559252068031,0.11584846194194554,-1.311433219877849,-0.012957303439468201,-0.5002694530842413,-0.5122952223231272,0.593961647602941,-0.05276344033410618,-1.3287734835388083,-0.009177532947745884,-0.5289691420150608,-0.38515547942834427,0.56126450880101,-0.13706939147213215,-1.3807942745216857,0.0021617785274210466,-0.6150682088075193,-0.0037362507439958658,0.4631730923952168,-0.38998724488620995
0.31042824265991165,-0.05640326989860789,-0.4545620259919092,0.0009782521285517376,0.46101734563277397,0.18036264386582523,0.16771075929017865,-0.07673756200156712,-0.4914415152465868,-0.02387576564320021,0.414957459505795,0.14674033321004215,0.024993275920445646,-0.09707185410452634,-0.5283210045012644,-0.048729783414952155,0.368897573378816,0.11311802255425907,-0.11772420744928735,-0.11740614620748557,-0.5652004937559421,-0.0735838011867041,0.32283768725183704,0.07949571189847598,-0.26044169081902036,-0.1377404383104448,-0.6020799830106196,-0.09843781895845605,0.27677780112485806,0.0458734012426929,-0.40315917418875336,-0.15807473041340403,-0.6389594722652971,-0.123291836730208,0.23071791499787908,0.012251090586909819,-0.5458766575584864,-0.17840902251636326,-0.6758389615199748,-0.14814585450195994,0.1846580288709001,-0.021371220068873265,-0.6885941409282194,-0.1987433146193225,-0.7127184507746525,-0.17299987227371189,0.13859814274392113,-0.05499353072465635,-0.8313116242979525,-0.21907760672228171,-0.74959794002933,-0.19785389004546383,0.09253825661694218,-0.08861584138043946,-1.0474452963638343,-0.19650654511628887,-0.6791364247464263,-0.1581475402344699,0.2436377978415168,-0.1752749650712793,-1.1555121323967752,-0.18522101431329246,-0.6439056671049744,-0.13829436532897293,0.31918756845380414,-0.2186045269166992,-1.2635789684297163,-0.17393548351029603,-0.6086749094635227,-0.11844119042347596,0.39473733906609143,-0.2619340887621191,-1.3716458044626572,-0.1626499527072996,-0.5734441518220708,-0.098588015517979,0.4702871096783787,-0.305263650607539,-1.479712640495598,-0.1513644219043032,-0.5382133941806189,-0.07873484061248202,0.545836880290666,-0.34859321245295893,-1.5208909003772288,-0.13483150589615553,-0.4958352137477783,-0.05344049887020138,0.6252493493858859,-0.3732963429488886,-1.5620691602588594,-0.1182985898880079,-0.4534570333149377,-0.028146157127920735,0.7046618184811058,-0.3979994734448182,-1.6032474201404903,-0.10176567387986024,-0.41107885288209706,-0.0028518153856400786,0.7840742875763257,-0.4227026039407478
-0.07944592045696997,-0.06573214278558748,-0.3313702648445407,-0.000569323507423114,0.41950482277933965,-0.41864969318646406,-0.1664889648089723,0.0022498340878431278,-0.6478438145323714,0.0422126037771131,0.7517978987774463,-0.3637632990968553,-0.2535320091609746,0.07023181096127373,-0.9643173642202021,0.08499453106164931,1.084090974775553,-0.30887690500724646,-0.31156070539564285,0.11555312887689412,-1.175299730678756,0.11351581591800679,1.3056196921076242,-0.27228597561417395,-0.3986037497476452,0.18353510575032475,-1.4917732803665866,0.15629774320254303,1.6379127681057308,-0.21739958152456515,-0.4856467940996475,0.25151708262375533,-1.8082468300544174,0.19907967048707922,1.9702058441038377,-0.16251318743495635,-0.5726898384516498,0.31949905949718593,-2.124720379742248,0.24186159777161542,2.302498920101944,-0.10762679334534758,-0.630718534686318,0.3648203774128063,-2.335702746200802,0.27038288262797294,2.5240276374340156,-0.07103586395227501,-0.7177615790383204,0.432802354286237,-2.6521762958886326,0.31316480991250917,2.856320713432122,-0.016149469862666244,-0.8448243492932073,0.41349163691089375,-2.5651427124256037,0.2988197872535099,2.754894490554109,0.03486370085920066,-0.9918969824995364,0.35053457241116365,-2.276355562387145,0.2559112896227429,2.4366086182380364,0.08394025989719664,-1.089945404637089,0.30856319607801025,-2.0838307956948388,0.22730562453556485,2.2244180366939874,0.11665796592252729,-1.2370180378434183,0.24560613157828015,-1.7950436456563805,0.18439712690479787,1.9061321643779148,0.16573452496052327,-1.3840906710497474,0.18264906707855005,-1.5062564956179216,0.14148862927403089,1.587846292061842,0.21481108399851923,-1.5311633042560766,0.11969200257881996,-1.217469345579463,0.09858013164326387,1.269560419745769,0.2638876430365152,-1.6292117263936294,0.07772062624566656,-1.024944578887157,0.06997446655608586,1.0573698382017203,0.2966053490618459,-1.8743327817375113,-0.027207814587216956,-0.5436326621563926,-0.0015396961618591295,0.5268933843415987,0.3783996141251725
0.38852277467515695,-0.11988521026909194,-0.2375304064201469,0.00039412148199069463,0.3892341615248913,0.014821141213636757,0.23829923400695016,-0.1590895391834642,-0.31296512843967805,0.015100831839686302,0.38174656087280834,0.03341913571412952,0.08807569333874338,-0.19829386809783645,-0.3883998504592092,0.02980754219738191,0.37425896022072536,0.05201713021462229,-0.062147847329463435,-0.23749819701220867,-0.46383457247874044,0.044514252555077516,0.36677135956864243,0.07061512471511505,-0.2123713879976702,-0.27670252592658096,-0.5392692944982715,0.05922096291277312,0.35928375891655945,0.08921311921560782,-0.36259492866587695,-0.31590685484095316,-0.6147040165178028,0.07392767327046873,0.35179615826447647,0.10781111371610058,-0.5128184693340838,-0.3551111837553254,-0.690138738537334,0.08863438362816434,0.34430855761239354,0.12640910821659335,-0.6630420100022905,-0.39431551266969767,-0.7655734605568651,0.10334109398585994,0.33682095696031056,0.1450071027170861,-0.8132655506704973,-0.4335198415840699,-0.8410081825763963,0.11804780434355555,0.3293333563082276,0.16360509721757888,-1.0378180617347863,-0.3254528859839461,-0.8039312485097984,0.09146230984296608,0.47982196747233596,0.18705229320762057,-1.150094317266931,-0.2714194081838842,-0.7853927814764994,0.07816956259267134,0.5550662730543902,0.1987758912026414,-1.2623705727990755,-0.2173859303838223,-0.7668543144432004,0.0648768153423766,0.6303105786364445,0.21049948919766226,-1.37464682833122,-0.1633524525837604,-0.7483158474099013,0.05158406809208185,0.7055548842184987,0.22222308719268313,-1.4869230838633647,-0.10931897478369851,-0.7297773803766023,0.03829132084178713,0.7807991898005529,0.23394668518770395,-1.599199339395509,-0.055285496983636606,-0.7112389133433034,0.02499857359149238,0.856043495382607,0.24567028318272482,-1.7114755949276537,-0.001252019183574704,-0.6927004463100044,0.011705826341197656,0.9312878009646612,0.25739388117774564,-1.8237518504597983,0.052781458616487184,-0.6741619792767054,-0.0015869209090970924,1.0065321065467154,0.2691174791727665
0.3474605280915686,-0.0688386599416777,-0.5366185362567624,-5.961601489978818e-05,0.7382815048301827,-0.3905809981136228,0.2074726471900691,-0.10622442772909832,-0.5732136550170647,0.02837349920597492,0.759657872426731,-0.4114211021079103,0.06748476628856964,-0.14361019551651893,-0.6098087737773671,0.05680661442684963,0.7810342400232793,-0.43226120610219776,-0.07250311461292985,-0.18099596330393952,-0.6464038925376694,0.08523972964772433,0.8024106076198275,-0.45310131009648524,-0.2124909955144293,-0.21838173109136014,-0.6829990112979717,0.11367284486859905,0.8237869752163758,-0.4739414140907728,-0.4924667573174283,-0.29315326666620134,-0.7561892488185764,0.17053907531034845,0.8665397104094722,-0.5156216220793477,-0.6324546382189278,-0.330539034453622,-0.7927843675788788,0.1989721905312232,0.8879160780060205,-0.5364617260736353,-0.7724425191204272,-0.36792480224104257,-0.829379486339181,0.22740530575209789,0.9092924456025687,-0.5573018300679228,-0.9124304000219268,-0.4053105700284632,-0.8659746050994834,0.2558384209729726,0.930668813199117,-0.5781419340622103,-1.0090420479729274,-0.3501351812001636,-0.8428580076020752,0.22702283146145916,0.939296385505675,-0.5140953200370222,-1.105653695923928,-0.29495979237186404,-0.819741410104667,0.1982072419499457,0.947923957812233,-0.4500487060118341,-1.2022653438749287,-0.23978440354356445,-0.7966248126072587,0.16939165243843227,0.956551530118791,-0.38600209198664603,-1.2988769918259293,-0.18460901471526486,-0.7735082151098505,0.14057606292691882,0.965179102425349,-0.32195547796145796,-1.4921002877279306,-0.07425823705866569,-0.727275020115034,0.08294488390389193,0.982434247038465,-0.1938622499110818,-1.5887119356789314,-0.019082848230366045,-0.7041584226176257,0.05412929439237846,0.991061819345023,-0.12981563588589373,-1.6853235836299318,0.03609254059793349,-0.6810418251202175,0.02531370488086504,0.9996893916515811,-0.06576902186070566,-1.7819352315809327,0.09126792942623313,-0.6579252276228092,-0.003501884630648418,1.008316963958139,-0.00172240783551758
-0.2679405212979997,0.05192600266386993,-0.5274190823488549,0.0016587160130585588,0.4956275975776414,0.42373520368342454,-0.286493765923263,-0.05296765455921093,-0.6114341031098369,0.047870218054383074,0.5108907421202256,0.3986931899869609,-0.30504701054852623,-0.1578613117822918,-0.695449123870819,0.09408172009570759,0.5261538866628097,0.37365117629049727,-0.3872917652358104,-0.22916586495701236,-0.7346626055814346,0.12389524710549997,0.5469758974022453,0.3217457829425684,-0.46953651992309453,-0.3004704181317329,-0.7738760872920502,0.15370877411529235,0.5677979081416809,0.2698403895946395,-0.6340260292976628,-0.443079524481174,-0.8523030507132812,0.21333582813487711,0.6094419296205519,0.16602960289878177,-0.7162707839849469,-0.5143840776558946,-0.8915165324238967,0.24314935514466948,0.6302639403599875,0.11412420955085288,-0.8248970667050168,-0.4723880585383714,-0.8280493034414168,0.2219809303642925,0.641563803293751,0.06601297497221566,-0.9335233494250867,-0.4303920394208483,-0.7645820744589369,0.20081250558391556,0.6528636662275145,0.017901740393578433,-1.0421496321451567,-0.3883960203033252,-0.701114845476457,0.1796440808035386,0.6641635291612781,-0.030209494185058763,-1.1507759148652266,-0.34640000118580205,-0.637647616493977,0.15847565602316163,0.6754633920950416,-0.07832072876369602,-1.2594021975852965,-0.30440398206827896,-0.5741803875114971,0.13730723124278468,0.6867632550288051,-0.1264319633423332,-1.3437057695138155,-0.2561220547630292,-0.5116445014189757,0.11390288113269768,0.6936663051398541,-0.16141506908773806,-1.5123129133708537,-0.15955820015252956,-0.3865727292339328,0.06709418091252368,0.7074724053619521,-0.2313812805785478,-1.5966164852993727,-0.11127627284727976,-0.32403684314141146,0.043689830802436685,0.7143754554730011,-0.26636438632395265,-1.680920057227892,-0.06299434554202996,-0.26150095704889,0.020285480692349686,0.7212785055840502,-0.3013474920693575,-1.765223629156411,-0.014712418236780135,-0.19896507095636856,-0.003118869417737301,0.7281815556950991,-0.3363305978147624
-0.2835022334887771,-0.06115368100752505,-0.5625590798166389,-0.0010345989073829998,0.5894325671747289,-0.40025715241147974,-0.27312523051455273,-0.03188531681015527,-0.5369286888327534,-0.04236220823150051,0.547617321981264,-0.36575453997919266,-0.2952626449743371,0.049115966888269885,-0.4765914112505139,-0.11552052911003924,0.44809508651500635,-0.27285378310272834,-0.3277770624083458,0.10084888638932527,-0.44188452465215994,-0.14735124066446043,0.3903880962422136,-0.2144556386585511,-0.36029147984235455,0.15258180589038062,-0.4071776380538059,-0.1791819522188816,0.33268110596942085,-0.1560574942143739,-0.39280589727636334,0.20431472539143603,-0.37247075145545194,-0.21101266377330286,0.2749741156966281,-0.09765934977019666,-0.48540233581138525,0.30215836421286385,-0.30106666662264703,-0.2473560105817388,0.16295271362997693,0.012989123088316554,-0.5454843569123984,0.34826908353323627,-0.2643694683881961,-0.2518686458357536,0.10863830183611851,0.06523945150265256,-0.6055663780134116,0.39437980285360874,-0.2276722701537452,-0.2563812810897684,0.0543238900422601,0.11748977991698858,-0.725730420215438,0.48660124149435363,-0.15427787368484336,-0.2654065515977979,-0.054304933545456735,0.22199043674566057,-0.8558041446915804,0.4485814546816931,-0.17817518249941355,-0.23622866816030547,0.01492675780671654,0.21002057413804612,-0.9858778691677228,0.41056166786903253,-0.20207249131398375,-0.207050784722813,0.08415844915888981,0.19805071153043163,-1.2460253181200076,0.3345220942437114,-0.24986710894312414,-0.14869501784782807,0.22262183186323636,0.17411098631520272,-1.3760990425961501,0.2965023074310509,-0.2737644177576944,-0.11951713441033562,0.2918535232154097,0.16214112370758824,-1.5061727670722922,0.2584825206183903,-0.29766172657226453,-0.09033925097284318,0.3610852145675829,0.15017126109997378,-1.6362464915484347,0.22046273380572973,-0.3215590353868348,-0.0611613675353507,0.43031690591975624,0.1382013984923593,-1.8963939405007195,0.14442316018040863,-0.36935365301597517,-0.002805600660365768,0.5687802886241028,0.11426167327713038
0.29338260012937134,0.16490132092441723,-0.2846920015592369,0.000861875735190587,0.800986740378427,-0.19957113989786013,0.16694053997017136,0.1589408197245345,-0.40133437243746134,0.008180975675600024,0.7712126299228729,-0.18883624303753502,-0.08594358034822863,0.14701981732476901,-0.6346191141939101,0.022819175556418894,0.7116644090117645,-0.16736644931688482,-0.21238564050742859,0.14105931612488626,-0.7512614850721346,0.030138275496828335,0.6818902985562104,-0.15663155245655971,-0.3388277006666286,0.13509881492500353,-0.8679038559503591,0.03745737543723777,0.6521161881006563,-0.1458966555962346,-0.42392953649036186,0.07644470307316903,-0.8864778849531976,0.09000263442691177,0.6298031554881003,-0.08101259074514786,-0.5941332081378284,-0.04086352063049997,-0.9236259429588747,0.19509315240625977,0.5851770902629881,0.04875553895702564,-0.6792350439615618,-0.09951763248233447,-0.9421999719617131,0.24763841139593376,0.5628640576504321,0.11363960380811239,-0.764336879785295,-0.15817174433416897,-0.9607740009645516,0.3001836703856078,0.540551025037876,0.17852366865919916,-0.9468299784819869,-0.20084292567480239,-0.9551163196634745,0.32248439470441104,0.581295122026622,0.18286429344531793,-1.0442212413549457,-0.1848599951636013,-0.930884609359559,0.29223986003354036,0.6443522516279242,0.12232085338034998,-1.1416125042279042,-0.16887706465240018,-0.9066528990556433,0.2619953253626697,0.7074093812292263,0.06177741331538206,-1.3363950299738214,-0.13691120362999798,-0.8581894784478121,0.20150625602092823,0.8335236404318305,-0.059309466814553846,-1.395461074673511,-0.09501830730413025,-0.7973420656854943,0.1605964412518509,0.8617459085179927,-0.08587321930875506,-1.4545271193732006,-0.0531254109782625,-0.7364946529231764,0.11968662648277356,0.889968176604155,-0.11243697180295628,-1.51359316407289,-0.011232514652394776,-0.6756472401608584,0.07877681171369624,0.9181904446903171,-0.13900072429715749,-1.631725253472269,0.07255327799934072,-0.5539524146362227,-0.0030428178244584114,0.9746349808626416,-0.19212822928555992
0.307521881174849,0.09976856567666825,-0.3531890607519932,0.0016090987910004628,0.3886968766874368,0.2656013425125874,0.20557707165245986,0.02588348098314376,-0.3946273540624595,-0.005771453119143251,0.3982213946317713,0.20786767545418547,0.10363226213007073,-0.04800160371038073,-0.4360656473729258,-0.013152005029286965,0.40774591257610576,0.15013400839578356,-0.10025735691470755,-0.1957717730974297,-0.5189422339938584,-0.027913108849574392,0.4267949484647747,0.034666674278979764,-0.20220216643709665,-0.2696568577909542,-0.5603805273043247,-0.035293660759718105,0.43631946640910924,-0.023066992779422146,-0.3041469759594858,-0.34354194248447867,-0.601818820614791,-0.042674212669861815,0.4458439843534437,-0.08080065983782403,-0.40609178548187497,-0.4174270271780032,-0.6432571139252573,-0.05005476458000553,0.4553685022977782,-0.1385343268962259,-0.6099814045266533,-0.5651971965650523,-0.72613370054619,-0.06481586840029296,0.47441753818644716,-0.2540016610130298,-0.7119262140490423,-0.6390822812585767,-0.7675719938566562,-0.07219642031043667,0.4839420561307817,-0.31173532807143167,-0.8138710235714315,-0.7129673659521012,-0.8090102871671225,-0.07957697222058038,0.4934665740751161,-0.36946899512983356,-0.894374490492361,-0.6466362677681122,-0.774773590756653,-0.0709117339411376,0.5310585507804672,-0.3176704229260664,-1.0553814243342199,-0.5139740714001342,-0.7063001979357137,-0.05358125738225204,0.6062425041911691,-0.21407327851853206,-1.1358848912551494,-0.44764297321614516,-0.6720635015252442,-0.044916019102809256,0.6438344808965201,-0.1622747063147649,-1.2163883581760788,-0.3813118750321561,-0.6378268051147745,-0.036250780823366476,0.6814264576018711,-0.11047613411099771,-1.2968918250970083,-0.3149807768481671,-0.603590108704305,-0.027585542543923695,0.7190184343072221,-0.05867756190723056,-1.4578987589388672,-0.18231858048018912,-0.5351167158833658,-0.010255065985038128,0.7942023877179241,0.044919582500303756,-1.5384022258597967,-0.1159874822962,-0.5008800194728962,-0.0015898277055953443,0.831794364423275,0.09671815470407098
-0.22269107401505916,0.1356151442250404,-0.14806965144169926,0.00018633127398182125,0.4411692519544488,-0.21780070525357154,-0.2871920503489919,0.13870300963813248,-0.13759823429809795,0.066958717043691,0.36191748857799944,-0.2607472930578425,-0.3516930266829247,0.14179087505122456,-0.12712681715449667,0.13373110281340017,0.28266572520155003,-0.3036938808621134,-0.41619400301685744,0.14487874046431665,-0.11665540001089536,0.20050348858310935,0.20341396182510063,-0.3466404686663843,-0.4806949793507902,0.14796660587740876,-0.10618398286729407,0.2672758743528185,0.12416219844865128,-0.3895870564706553,-0.545195955684723,0.15105447129050084,-0.09571256572369276,0.3340482601225277,0.044910435072201826,-0.43253364427492624,-0.6096969320186557,0.15414233670359292,-0.08524114858009146,0.40082064589223687,-0.03434132830424752,-0.47548023207919715,-0.7034813464116526,0.14334822778984196,-0.12930015646571086,0.3603674591095378,0.07238533768496931,-0.46879370202951165,-0.7972657608046494,0.132554118876091,-0.17335916435133025,0.3199142723268387,0.17911200367418614,-0.46210717197982615,-0.8910501751976463,0.12176000996234007,-0.21741817223694962,0.2794610855441397,0.28583866966340293,-0.4554206419301407,-0.9848345895906432,0.11096590104858911,-0.26147718012256904,0.2390078987614406,0.3925653356526198,-0.4487341118804552,-1.07861900398364,0.10017179213483815,-0.3055361880081884,0.19855471197874155,0.4992920016418366,-0.4420475818307697,-1.172403418376637,0.0893776832210872,-0.3495951958938078,0.1581015251960425,0.6060186676310534,-0.4353610517810842,-1.2661878327696336,0.07858357430733624,-0.3936542037794271,0.11764833841334343,0.7127453336202703,-0.42867452173139875,-1.3599722471626308,0.06778946539358528,-0.43771321166504656,0.07719515163064433,0.8194719996094871,-0.4219879916817132,-1.4537566615556274,0.05699535647983432,-0.4817722195506659,0.036741964847945285,0.926198665598704,-0.41530146163202775,-1.5475410759486243,0.04620124756608337,-0.5258312274362853,-0.003711221934753764,1.0329253315879208,-0.40861493158234224
0.34753769768620835,-0.08729997934166622,-0.4619861792348008,-0.0003986109544840133,0.5753840458969233,0.4244020263130386,0.22424818328763682,-0.1603404005347462,-0.46064098890564986,0.0315809961528488,0.5935394362845359,0.37134055696208573,-0.022330845509506203,-0.30642124292090617,-0.45795060824734796,0.09554021036751444,0.6298502170597611,0.26521761826018,-0.14562035990807776,-0.3794616641139862,-0.456605417918197,0.12751981747484725,0.6480056074473738,0.21215614890922713,-0.26890987430664925,-0.45250208530706615,-0.45526022758904605,0.15949942458218005,0.6661609978349864,0.15909467955827428,-0.5154889031037923,-0.5985829276932261,-0.45256984693074415,0.22345863879684566,0.7024717786102116,0.05297174085636858,-0.6387784175023639,-0.6716233488863061,-0.45122465660159317,0.2554382459041785,0.7206271689978242,-8.972849458432908e-05,-0.7620679319009354,-0.744663770079386,-0.44987946627244224,0.2874178530115113,0.7387825593854368,-0.05315119784553718,-1.0086469606980784,-0.890744612465546,-0.44718908561414034,0.35137706722617695,0.7750933401606621,-0.15927413654744293,-1.1319364750966499,-0.963785033658626,-0.44584389528498936,0.3833566743335098,0.7932487305482747,-0.21233560589839584,-1.2927813362164977,-0.9125106298189458,-0.427108313649681,0.368978729426344,0.7787636041300244,-0.2375386303704666,-1.3303366829377739,-0.7881958047861858,-0.4097179223435235,0.3226211774118455,0.7461230873241617,-0.20968018549158457,-1.3678920296590502,-0.6638809797534257,-0.39232753103736606,0.27626362539734695,0.7134825705182988,-0.18182174061270254,-1.4430027231016027,-0.41525132968790546,-0.35754674842505113,0.18354852136834984,0.6482015369065731,-0.12610485085493844,-1.480558069822879,-0.2909365046551454,-0.3401563571188937,0.13719096935385133,0.6155610201007103,-0.09824640597605644,-1.5181134165441554,-0.16662167962238528,-0.32276596581273626,0.09083341733935274,0.5829205032948475,-0.07038796109717438,-1.593224109986708,0.082007970443135,-0.2879851832004213,-0.001881686689644321,0.5176394696831218,-0.014671071339410298
0.3176734144823312,0.11290143618863091,-0.18714449165757063,-0.0004781552159576208,0.46835542947738507,-0.0934517531929222,0.18144088905055264,0.03971738494543979,-0.19070234046934117,0.006782022591720523,0.5175883467241623,-0.06804990234467498,0.04520836361877406,-0.03346666629775133,-0.19426018928111174,0.014042200399398666,0.5668212639709396,-0.042648051496427745,-0.09102416181300449,-0.10665071754094241,-0.1978180380928823,0.021302378207076807,0.6160541812177167,-0.017246200648180526,-0.2272566872447831,-0.17983476878413357,-0.20137588690465283,0.028562556014754954,0.665287098464494,0.008155650200066714,-0.36348921267656165,-0.2530188200273246,-0.20493373571642337,0.035822733822433096,0.7145200157112712,0.033557501048313926,-0.4997217381083402,-0.3262028712705157,-0.20849158452819394,0.043082911630111236,0.7637529329580484,0.05895935189656115,-0.6359542635401189,-0.3993869225137069,-0.21204943333996448,0.05034308943778938,0.8129858502048256,0.0843612027448084,-0.7721867889718974,-0.47257097375689805,-0.21560728215173502,0.05760326724546753,0.8622187674516029,0.10976305359305563,-1.0446518398354545,-0.6189390762432802,-0.22272297977527614,0.07212362286082381,0.9606846019451573,0.16056675528955006,-1.1808843652672332,-0.6921231274864713,-0.22628082858704668,0.07938380066850195,1.0099175191919345,0.1859686061377973,-1.225924364329711,-0.5853551680013903,-0.2859598834249598,0.06555282218204055,0.9737310277352899,0.2088707296609528,-1.2709643633921888,-0.47858720851630937,-0.34563893826287295,0.05172184369557914,0.9375445362786453,0.23177285318410829,-1.3160043624546667,-0.37181924903122837,-0.4053179931007861,0.03789086520911773,0.9013580448220007,0.2546749767072638,-1.3610443615171446,-0.26505128954614743,-0.4649970479386992,0.024059886722656326,0.8651715533653561,0.27757710023041926,-1.4060843605796223,-0.15828333006106643,-0.5246761027766124,0.01022890823619492,0.8289850619087114,0.30047922375357483,-1.4511243596421002,-0.05151537057598541,-0.5843551576145255,-0.0036020702502664835,0.7927985704520668,0.3233813472767303
0.003950988773315345,0.0016507141008172965,-0.22213284101867092,0.0008796461141091783,0.6875308869268162,0.390280513089027,-0.05994368056145605,-0.04044394854693091,-0.33964187656958655,-0.024950430077805712,0.6885960843630058,0.34694512895684004,-0.12383834989622744,-0.08253861119467912,-0.4571509121205022,-0.0507805062697206,0.6896612817991955,0.303609744824653,-0.18773301923099883,-0.12463327384242731,-0.5746599476714178,-0.07661058246163549,0.6907264792353851,0.260274360692466,-0.2516276885657702,-0.16672793649017553,-0.6921689832223334,-0.10244065865355038,0.6917916766715748,0.21693897656027905,-0.3155223579005416,-0.20882259913792375,-0.8096780187732491,-0.12827073484546528,0.6928568741077644,0.17360359242809204,-0.379417027235313,-0.2509172617856719,-0.9271870543241647,-0.15410081103738016,0.6939220715439541,0.13026820829590507,-0.4433116965700844,-0.29301192443342017,-1.0446960898750803,-0.17993088722929507,0.6949872689801437,0.08693282416371804,-0.5819320077363441,-0.2839959896237396,-1.029488697762385,-0.16551977307226004,0.7359337942904396,0.03304506499742925,-0.720552318902604,-0.27498005481405907,-1.0142813056496895,-0.15110865891522499,0.7768803196007356,-0.020842694168859546,-0.8591726300688637,-0.2659641200043785,-0.9990739135369942,-0.13669754475818996,0.8178268449110315,-0.07473045333514834,-0.9977929412351234,-0.256948185194698,-0.9838665214242988,-0.12228643060115492,0.8587733702213274,-0.12861821250143715,-1.1010755946111574,-0.2312879582652364,-0.9215370549590964,-0.09824931519355799,0.8965753869537734,-0.16119301611906955,-1.2043582479871913,-0.20562773133577486,-0.8592075884938942,-0.07421219978596107,0.9343774036862192,-0.19376781973670193,-1.3076409013632253,-0.17996750440631332,-0.7968781220286919,-0.05017508437836414,0.9721794204186652,-0.2263426233543343,-1.4109235547392593,-0.15430727747685175,-0.7345486555634897,-0.026137968970767214,1.009981437151111,-0.25891742697196674,-1.5142062081152932,-0.1286470505473902,-0.6722191890982874,-0.0021008535631702836,1.047783453883557,-0.2914922305895991
0.23902678571906044,-0.02049603951955703,-0.30207602366541764,-0.0003217018385779369,0.45863720404449815,-0.40045348973904993,0.14678804664668244,0.007974745801270434,-0.4028282400210674,-0.04243856067557522,0.4900567921098479,-0.3914221584796497,-0.03768943149807352,0.06491631644292535,-0.6043326727323668,-0.1266722783495698,0.5528959682405474,-0.3733594959608492,-0.12992817057045153,0.09338710176375283,-0.7050848890880166,-0.16878913718656707,0.5843155563058973,-0.364328164701449,-0.22216690964282948,0.12185788708458029,-0.8058371054436664,-0.21090599602356436,0.615735144371247,-0.35529683344204877,-0.3144056487152075,0.15032867240540773,-0.9065893217993161,-0.25302285486056164,0.6471547324365967,-0.3462655021826485,-0.4988831268599635,0.20727024304706268,-1.1080937545106155,-0.3372565725345562,0.7099939085672964,-0.32820283966384806,-0.5911218659323414,0.23574102836789013,-1.2088459708662653,-0.3793734313715535,0.741413496632646,-0.31917150840444786,-0.6833606050047194,0.2642118136887176,-1.3095981872219151,-0.4214902902085508,0.7728330846979958,-0.3101401771450476,-0.9659217994039411,0.28793594252572624,-1.2409879124189702,-0.38183530752235584,0.7388144751339168,-0.27515020977197097,-1.0884217238988418,0.2928253698148329,-1.1908487094635005,-0.35668172448838026,0.7171626838739882,-0.25778265502689013,-1.2109216483937426,0.2977147971039396,-1.1407095065080308,-0.3315281414544047,0.6955108926140596,-0.24041510028180932,-1.3483162116992748,0.26803773274098946,-0.95915370825135,-0.25557309088737307,0.628946726602318,-0.20558803210023185,-1.363210850509906,0.23347124108893264,-0.8277371129501387,-0.204771623354317,0.5840343518505049,-0.1881285186637352,-1.3781054893205371,0.1989047494368758,-0.6963205176489273,-0.15397015582126092,0.5391219770986918,-0.17066900522723855,-1.3930001281311684,0.16433825778481898,-0.5649039223477161,-0.10316868828820486,0.4942096023468787,-0.15320949179074192,-1.4227894057524308,0.09520527448070533,-0.3020707317452934,-0.0015657532220926928,0.40438485284325254,-0.11829046491774864
0.02554752214063516,-0.09759971101422593,-0.5799096842099329,-0.0003469446068775639,0.6437399253222491,0.1983169602747017,-0.08042264618094341,-0.10187980052455362,-0.6587491027644481,0.021669031132075023,0.587375297102233,0.22941606458453837,-0.186392814502522,-0.10615989003488129,-0.7375885213189631,0.04368500687102761,0.5310106688822169,0.26051516889437504,-0.29236298282410056,-0.11043997954520897,-0.8164279398734783,0.0657009826099802,0.4746460406622008,0.2916142732042117,-0.39833315114567913,-0.11472006905553664,-0.8952673584279933,0.08771695834893278,0.4182814124421847,0.3227133775140483,-0.6102734877888363,-0.123280248076192,-1.0529461955370236,0.13174890982683796,0.30555215600215246,0.3849115861337217,-0.7257585690668804,-0.1022298028838633,-1.0002768753054982,0.10918067573898298,0.3581094095157756,0.366839823866604,-0.8412436503449244,-0.08117935769153459,-0.9476075550739729,0.086612441651128,0.4106666630293987,0.34876806159948637,-0.9567287316229685,-0.06012891249920588,-0.8949382348424476,0.06404420756327302,0.46322391654302175,0.33069629933236877,-1.0722138129010126,-0.03907846730687717,-0.8422689146109222,0.04147597347541804,0.5157811700566448,0.3126245370652511,-1.1876988941790567,-0.01802802211454846,-0.7895995943793969,0.018907739387563058,0.568338423570268,0.29455277479813347,-1.3031839754571006,0.0030224230777802508,-0.7369302741478716,-0.003660494700291922,0.620895677083891,0.2764810125310158,-1.4186690567351448,0.02407286827010896,-0.6842609539163462,-0.026228728788146916,0.6734529305975141,0.25840925026389816,-1.605348866580946,0.04707519442660233,-0.5590464455449586,-0.037501668103980965,0.7996703256516617,0.19610686979362407,-1.6765435951487033,0.04902707539076698,-0.4865012574050963,-0.02620637333196004,0.8733304671921862,0.15187625159046764,-1.7477383237164603,0.05097895635493163,-0.4139560692652341,-0.014911078559939117,0.9469906087327107,0.10764563338731117,-1.8189330522842175,0.05293083731909628,-0.3414108811253718,-0.0036157837879181856,1.0206507502732352,0.06341501518415474
-0.407318599593518,0.014826357098771226,-0.26702057105144306,-0.0005992643903374173,0.4451222691062302,-0.33850617305265907,-0.440354820224865,-0.013019805367708727,-0.29168584388730734,-0.052865076710057926,0.6126417939713948,-0.3418129892534253,-0.473391040856212,-0.04086596783418868,-0.31635111672317157,-0.10513088902977843,0.7801613188365596,-0.3451198054541915,-0.5394634821189059,-0.09655829276714858,-0.36568166239490013,-0.20966251366921945,1.115200368566889,-0.35173343785572403,-0.572499702750253,-0.12440445523362856,-0.39034693523076436,-0.26192832598894,1.2827198934320538,-0.35504025405649026,-0.6055359233815999,-0.15225061770010848,-0.41501220806662864,-0.31419413830866044,1.4502394182972183,-0.3583470702572565,-0.6385721440129469,-0.18009678016658845,-0.4396774809024929,-0.366459950628381,1.6177589431623831,-0.3616538864580227,-0.773071296287235,-0.215730433567259,-0.48294949424450134,-0.434873799479951,1.8830529529321665,-0.3335130137995086,-0.8403208724243791,-0.23354726026759426,-0.5045855009155056,-0.46908072390573596,2.0156999578170582,-0.3194425774702515,-0.9189671631247148,-0.2077835883142938,-0.49563045012950213,-0.4225370288552578,1.921014907353341,-0.27804749216936153,-0.9976134538250505,-0.18201991636099338,-0.4866753993434987,-0.3759933338047796,1.8263298568896233,-0.2366524068684716,-1.1549060352257219,-0.1304925724543925,-0.4687652977714918,-0.28290594370382327,1.6369597559621887,-0.15386223626669168,-1.2335523259260577,-0.10472890050109204,-0.45981024698548834,-0.23636224865334507,1.5422747054984711,-0.11246715096580173,-1.3121986166263935,-0.07896522854779162,-0.4508551961994849,-0.18981855360286692,1.4475896550347538,-0.07107206566491178,-1.390844907326729,-0.05320155659449116,-0.44190014541348144,-0.14327485855238875,1.3529046045710365,-0.029676980364021832,-1.5481374887274004,-0.001674212687890253,-0.42399004384147454,-0.05018746845143235,1.1635345036436016,0.05311319023775812,-1.6267837794277362,0.024089459265410153,-0.4150349930554711,-0.0036437734009541595,1.0688494531798842,0.09450827553864803
0.017371163692726732,-0.05835795493533524,-0.32526245986403524,-0.0006304430164991714,0.6576578740884642,-0.1783385795070771,-0.07249995631271056,-0.05404781148655765,-0.43279083389760054,0.03830069188997846,0.6363210656471391,-0.18913145346300814,-0.16237107631814784,-0.049737668037780056,-0.5403192079311658,0.07723182679645609,0.6149842572058141,-0.19992432741893915,-0.25224219632358513,-0.04542752458900246,-0.6478475819647311,0.11616296170293372,0.5936474487644889,-0.21071720137487018,-0.3421133163290224,-0.04111738114022487,-0.7553759559982964,0.15509409660941134,0.5723106403231638,-0.22151007533080122,-0.4319844363344597,-0.03680723769144728,-0.8629043300318617,0.194025231515889,0.5509738318818387,-0.23230294928673223,-0.521855556339897,-0.03249709424266968,-0.970432704065427,0.2329563664223666,0.5296370234405137,-0.24309582324266327,-0.6117266763453343,-0.02818695079389209,-1.0779610780989923,0.27188750132884426,0.5083002149991885,-0.2538886971985943,-0.7468036054370708,-0.022798302031125293,-1.0543218719856162,0.25378420499727583,0.5485025072044194,-0.20627643663316403,-1.0169574636205438,-0.012021004505591699,-1.0070434597588638,0.21757761233413905,0.6289070916148812,-0.11105191550230348,-1.1520343927122805,-0.0066323557428249035,-0.9834042536454876,0.19947431600257065,0.6691093838201121,-0.0634396549368732,-1.2331247784409443,-0.0037244340322824783,-0.9136069119211276,0.1656090717057971,0.7149369481497128,-0.01569632088246794,-1.314215164169608,-0.0008165123217400531,-0.8438095701967676,0.13174382740902357,0.7607645124793134,0.032047013171937325,-1.3953055498982718,0.002091409388802373,-0.7740122284724077,0.09787858311225005,0.8065920768089141,0.0797903472263426,-1.4763959356269354,0.004999331099344797,-0.7042148867480478,0.06401333881547652,0.8524196411385146,0.12753368128074785,-1.5574863213555992,0.007907252809887225,-0.6344175450236877,0.030148094518702984,0.8982472054681153,0.17527701533515314,-1.638576707084263,0.010815174520429651,-0.5646202032993278,-0.0037171497780705627,0.944074769797716,0.22302034938955836
-0.21763638246646977,-0.0440314689199397,-0.31522807627303795,-0.00039665772195895954,0.46292728991291554,0.1756004590628688,-0.220396415833642,0.028719686723655546,-0.31549162128735436,0.16528246898634968,0.5024650948937205,0.1907284739202612,-0.22591648256798647,0.17422199801084604,-0.3160187113159872,0.49664072240296697,0.5815407048553303,0.22098450363504601,-0.2286765159351587,0.24697315365444128,-0.3162822563303036,0.6623198491112756,0.6210785098361352,0.23611251849243842,-0.23143654930233093,0.3197243092980365,-0.31654580134462,0.8279989758195843,0.6606163148169402,0.2512405333498308,-0.2369566160366754,0.465226620585227,-0.31707289137325284,1.1593572292362015,0.73969192477855,0.2814965630646156,-0.23971664940384763,0.5379777762288223,-0.31733643638756925,1.3250363559445102,0.7792297297593549,0.296624577922008,-0.3488151587176103,0.4954744517000646,-0.31913862212468125,1.2301787986543244,0.7827035681666068,0.25180462209237586,-0.5670121773451358,0.41046780264254923,-0.3227429935989053,1.0404636840739532,0.7896512449811106,0.1621647104331116,-0.6761106866588984,0.3679644781137916,-0.3245451793360173,0.9456061267837677,0.7931250833883625,0.11734475460347946,-0.8943077052864239,0.28295782905627626,-0.32814955081024133,0.7558910122033963,0.8000727602028663,0.027704842944215158,-1.0034062146001865,0.2404545045275186,-0.3299517365473533,0.6610334549132106,0.8035465986101182,-0.017115112885417005,-1.1125047239139492,0.19795117999876094,-0.3317539222844654,0.566175897623025,0.80702043701737,-0.06193506871504911,-1.3307017425414749,0.11294453094124557,-0.3353582937586894,0.3764607830426536,0.8139681138318738,-0.15157498037431344,-1.4398002518552375,0.07044120641248797,-0.3371604794958014,0.2816032257524681,0.8174419522391257,-0.1963949362039456,-1.5488987611690002,0.027937881883730253,-0.3389626652329134,0.18674566846228235,0.8209157906463777,-0.2412148920335777,-1.7670957797965257,-0.05706876717378508,-0.34256703670713745,-0.002969446118088875,0.8278634674608815,-0.330854803692842
-0.22032572348597146,-0.3162499363802489,-0.4617145329704515,-0.000546436742886236,0.5477779012721715,0.379578007948715,-0.33011126460176476,-0.4022304236755564,-0.4691510923478221,0.002554012863284284,0.5245455184393341,0.3364309170080073,-0.43989680571755807,-0.4882109109708639,-0.47658765172519274,0.005654462469454804,0.5013131356064967,0.29328382606729964,-0.5496823468333514,-0.5741913982661714,-0.48402421110256333,0.008754912075625322,0.47808075277365925,0.25013673512659196,-0.6594678879491447,-0.6601718855614789,-0.491460770479934,0.011855361681795844,0.4548483699408218,0.20698964418588428,-0.769253429064938,-0.7461523728567864,-0.49889732985730456,0.014955811287966362,0.4316159871079844,0.1638425532451766,-0.891251950917935,-0.7967928041679239,-0.5026434896522219,0.017047233596286702,0.4113029481797863,0.10386545163698906,-1.013250472770932,-0.8474332354790614,-0.5063896494471394,0.01913865590460704,0.3909899092515882,0.04388835002880151,-1.1352489946239288,-0.8980736667901987,-0.5101358092420567,0.021230078212927384,0.37067687032339014,-0.01608875157938605,-1.2572475164769257,-0.9487140981013362,-0.5138819690369741,0.02332150052124772,0.35036383139519206,-0.07606585318757358,-1.3792460383299228,-0.9993545294124737,-0.5176281288318915,0.025412922829568065,0.330050792466994,-0.13604295479576117,-1.5012445601829196,-1.0499949607236112,-0.5213742886268089,0.0275043451378884,0.3097377535387959,-0.1960200564039487,-1.4981440366840522,-0.8566378858453688,-0.5019557957018936,0.02166005803430661,0.3337952446964625,-0.24595195494329855,-1.4950435131851847,-0.6632808109671264,-0.48253730277697837,0.015815770930724816,0.357852735854129,-0.2958838534826484,-1.491942989686317,-0.46992373608888416,-0.4631188098520631,0.009971483827143027,0.3819102270117956,-0.3458157520219982,-1.4888424661874495,-0.2765666612106418,-0.4437003169271478,0.004127196723561235,0.4059677181694622,-0.3957476505613481,-1.485741942688582,-0.08320958633239948,-0.4242818240022325,-0.0017170903800205548,0.43002520932712873,-0.4456795491006979
-0.2175739779759862,0.10457554077889064,-0.3562481918511491,0.0015760708766574538,0.44848738073650374,-0.15972513134367183,-0.2467325129545894,0.025244890957567698,-0.3951133156579978,0.09214919680647418,0.4526221124781108,-0.11345990464041886,-0.2758910479331926,-0.054085758863755246,-0.4339784394648465,0.1827223227362909,0.45675684421971785,-0.06719467793716587,-0.30504958291179574,-0.1334164086850782,-0.47284356327169524,0.27329544866610767,0.4608915759613249,-0.020929451233912877,-0.3342081178903989,-0.21274705850640113,-0.5117086870785439,0.36386857459592437,0.46502630770293196,0.0253357754693401,-0.39252518784760526,-0.37140835814904705,-0.5894389346922414,0.5450148264555579,0.4732957711861461,0.11786622887584607,-0.49609598339313665,-0.33298441028572034,-0.674469676723229,0.5278443210101957,0.4877009932214165,0.1671368634271967,-0.599666778938668,-0.29456046242239364,-0.7595004187542166,0.5106738155648335,0.502106215256687,0.2164074979785473,-0.7032375744841994,-0.25613651455906694,-0.8445311607852042,0.49350331011947135,0.5165114372919575,0.2656781325298979,-0.8154244347702672,-0.20725006290482095,-0.8337459015573429,0.4394326114016646,0.5304033468914103,0.2742211410034642,-0.9276112950563349,-0.15836361125057494,-0.8229606423294816,0.38536191268385794,0.5442952564908632,0.2827641494770304,-1.0397981553424025,-0.10947715959632895,-0.8121753831016203,0.3312912139660512,0.5581871660903159,0.29130715795059664,-1.1519850156284703,-0.06059070794208293,-0.8013901238737591,0.27722051524824454,0.5720790756897688,0.29985016642416285,-1.3818640921059455,0.03190196221589649,-0.7509058609850083,0.16645059614028132,0.6000540248795214,0.30780313070588183,-1.499556308297353,0.07550818071962992,-0.7112068573241188,0.10975137575012484,0.6141370644698212,0.3072130865140345,-1.6172485244887604,0.11911439922336334,-0.6715078536632293,0.05305215535996835,0.628220104060121,0.3066230423221872,-1.734940740680168,0.16272061772709676,-0.6318088500023399,-0.003647065030188148,0.6423031436504207,0.3060329981303399
0.1466307605778745,-0.22443740098707732,-0.3622055968902238,0.0007946846043420663,0.634793752218215,-0.2095820028060933,0.039213063687913094,-0.2295468374735425,-0.3884577158943504,0.001962420081651493,0.7553513232406115,-0.16915790674665615,-0.06820463320204831,-0.23465627396000763,-0.414709834898477,0.00313015555896092,0.875908894263008,-0.128733810687219,-0.17562233009200973,-0.2397657104464728,-0.44096195390260357,0.004297891036270347,0.9964664652854044,-0.0883097146277819,-0.2830400269819711,-0.24487514693293794,-0.46721407290673017,0.005465626513579774,1.117024036307801,-0.04788561856834475,-0.39045772387193256,-0.2499845834194031,-0.4934661919108568,0.006633361990889201,1.2375816073301973,-0.007461522508907609,-0.49787542076189395,-0.2550940199058683,-0.5197183109149833,0.007801097468198627,1.3581391783525938,0.032962573550529506,-0.6052931176518555,-0.26020345639233344,-0.5459704299191099,0.008968832945508055,1.4786967493749903,0.07338666960996665,-0.7127108145418167,-0.26531289287879856,-0.5722225489232365,0.010136568422817481,1.5992543203973868,0.11381076566940379,-0.8838459438322122,-0.21934790673128637,-0.5930318593516077,0.009671204206486286,1.6078559998127535,0.09710402100060618,-0.9475633762326462,-0.16827348409730902,-0.5875890507758523,0.008038104512845663,1.4959001082057237,0.0399731802723714,-1.0112808086330802,-0.11719906146333164,-0.5821462422000969,0.0064050048192050395,1.3839442165986937,-0.017157660455863394,-1.0749982410335142,-0.06612463882935429,-0.5767034336243415,0.004771905125564416,1.2719883249916641,-0.07428850118409816,-1.138715673433948,-0.015050216195376942,-0.5712606250485861,0.0031388054319237933,1.1600324333846341,-0.13141934191233293,-1.2024331058343822,0.03602420643860044,-0.5658178164728307,0.0015057057382831703,1.0480765417776043,-0.18855018264056775,-1.2661505382348162,0.08709862907257776,-0.5603750078970753,-0.00012739395535745282,0.9361206501705746,-0.24568102336880251,-1.32986797063525,0.13817305170655514,-0.5549321993213199,-0.001760493648998076,0.8241647585635448,-0.30281186409703725
0.08514080935149249,-0.14016763377964736,-0.1701389701877103,0.0011551069002395664,0.7929354039928755,-0.3181658181337692,-0.2625548046240341,-0.3422127597168414,-0.4878130136597905,0.2615092895991402,0.8320711825923801,-0.24979856675122736,-0.523326515105679,-0.4937466041697369,-0.7260685462638506,0.4567749266233157,0.8614230165420085,-0.19852312821432097,-0.8710221290812055,-0.695791730106931,-1.0437425897359307,0.7171291093222163,0.900558795141513,-0.13015587683177915,-1.1317938395628504,-0.8473255745598265,-1.281998122339991,0.9123947463463918,0.9299106290911414,-0.07888043829487273,-1.479489453538377,-1.0493707004970205,-1.5996721658120712,1.1727489290452924,0.969046407690646,-0.01051318691233094,-1.8271850675139034,-1.2514158264342146,-1.9173462092841513,1.433103111744193,1.0081821862901506,0.05785406447021091,-2.0879567779955486,-1.40294967088711,-2.1556017418882116,1.6283687487683687,1.037534020239779,0.10912950300711732,-2.435652391971075,-1.6049947968243041,-2.4732757853602916,1.8887229314672693,1.0766697988392835,0.17749675438965917,-2.69642410245272,-1.7565286412771997,-2.711531317964352,2.0839885684914448,1.1060216327889119,0.2287721929265656,-2.6300502497258034,-1.6038070355832201,-2.5298676512200746,1.9099034550956815,1.0750186832930178,0.24768472093373298,-2.4767524935050047,-1.400574148404942,-2.2687854736077773,1.6707297960251932,1.0342317891472477,0.24950543609526493,-2.272355485210607,-1.1295969655005713,-1.9206759034580476,1.3518315839312087,0.9798492636195539,0.2519330563106409,-2.067958476916209,-0.8586197825962008,-1.572566333308318,1.0329333718372242,0.9254667380918603,0.25436067652601685,-1.914660720695411,-0.6553868954179225,-1.3114841556960206,0.7937597127667357,0.8846798439460901,0.2561813916875488,-1.710263712401013,-0.38440971251355194,-0.9633745855462907,0.47486150067275124,0.8302973184183964,0.25860901190292473,-1.4036681999594163,0.02205606184300409,-0.44121023032169626,-0.003485817468225486,0.748723530126856,0.26225044222598864
0.13338126352417135,0.0062605006513667405,-0.1977131006689108,-0.0003246104433296537,0.6123605747319338,-0.39429964388100114,0.04794699432941664,-0.028178291686879214,-0.25555074467724215,-0.017065697008735344,0.554186797637459,-0.4236232214671024,-0.12292154406009276,-0.09705587636337112,-0.37122603269390475,-0.050547870139546716,0.43783924344850955,-0.482270376639305,-0.20835581325484748,-0.13149466870161708,-0.4290636767022361,-0.06728895670495241,0.37966546635403475,-0.5115939542254063,-0.29379008244960214,-0.16593346103986303,-0.48690132071056746,-0.0840300432703581,0.32149168925956,-0.5409175318115076,-0.37922435164435686,-0.200372253378109,-0.5447389647188987,-0.10077112983576378,0.26331791216508527,-0.5702411093976089,-0.5500928900338663,-0.2692498380546009,-0.6604142527355614,-0.13425330296657517,0.14697035797613567,-0.6288882645698115,-0.6355271592286209,-0.3036886303928469,-0.7182518967438928,-0.15099438953198085,0.08879658088166098,-0.6582118421559128,-0.7209614284233756,-0.3381274227310928,-0.7760895407522241,-0.16773547609738654,0.03062280378718623,-0.687535419742014,-0.8946274663261398,-0.29395074064211674,-0.7427770906591115,-0.13519083832488882,0.11720494915948709,-0.49831509790799344,-0.9814604852775219,-0.2718623995976287,-0.7261208656125552,-0.11891851943863997,0.16049602184563755,-0.4037049369909831,-1.0682935042289041,-0.24977405855314064,-0.7094646405659989,-0.10264620055239111,0.20378709453178798,-0.3090947760739728,-1.2419595421316683,-0.20559737646416454,-0.6761521904728862,-0.0701015627798934,0.29036923990408886,-0.11987445423995213,-1.3287925610830502,-0.1835090354196765,-0.6594959654263299,-0.05382924389364453,0.3336603125902393,-0.025264293322941778,-1.4156255800344324,-0.16142069437518847,-0.6428397403797736,-0.037556925007395686,0.3769513852763897,0.06934586759406847,-1.5024585989858146,-0.1393323533307004,-0.6261835153332173,-0.02128460612114682,0.4202424579625402,0.16395602851107877,-1.581484281847225,-0.00138647934531205,-0.5171629724439375,-0.0022105228735360997,0.5293399927889137,0.2908333505959565
-0.05374114127509788,0.10708196325082042,-0.5785109150926093,-0.0010334786648362737,0.6672678056809493,0.06349437806742397,-0.13817224528732955,0.05479964139293359,-0.5656016022630479,0.0175384824508061,0.7524484045136653,0.09221860396241957,-0.22260334929956122,0.002517319535046761,-0.5526922894334866,0.03611044356644847,0.8376290033463814,0.12094282985741518,-0.3070344533117929,-0.04976500232284006,-0.5397829766039252,0.054682404682090846,0.9228096021790972,0.1496670557524108,-0.39146555732402455,-0.1020473241807269,-0.5268736637743637,0.07325436579773321,1.0079902010118134,0.1783912816474064,-0.4758966613362563,-0.15432964603861377,-0.5139643509448024,0.0918263269133756,1.0931707998445293,0.20711550754240202,-0.5603277653484879,-0.20661196789650055,-0.501055038115241,0.11039828802901797,1.1783513986772451,0.23583973343739761,-0.6447588693607196,-0.2588942897543874,-0.4881457252856796,0.12897024914466035,1.2635319975099613,0.2645639593323932,-0.7291899733729512,-0.3111766116122742,-0.47523641245611825,0.1475422102603027,1.3487125963426774,0.2932881852273888,-0.8981125709180017,-0.34546638093587356,-0.45559021714638653,0.15013540525238056,1.390978000983147,0.26855949141896995,-0.9826040644508203,-0.32747382840158606,-0.4488533346662162,0.134156639128816,1.3480628067909004,0.21510657171555542,-1.067095557983639,-0.30948127586729857,-0.4421164521860459,0.11817787300525147,1.305147612598654,0.1616536520121409,-1.1347082632703913,-0.27238304365162763,-0.4387211160070975,0.09423231745988683,1.2294306625752538,0.09234177690223065,-1.2023209685571434,-0.23528481143595675,-0.43532577982814913,0.07028676191452218,1.1537137125518535,0.023029901792320395,-1.2699336738438958,-0.19818657922028582,-0.4319304436492008,0.04634120636915755,1.0779967625284532,-0.046281973317589875,-1.3375463791306479,-0.1610883470046149,-0.4285351074702524,0.022395650823792898,1.002279812505053,-0.11559384842750012,-1.4051590844174002,-0.123990114788944,-0.42513977129130404,-0.0015499047215717376,0.9265628624816528,-0.18490572353741042
-0.41730810196706525,0.0750924404870954,-0.3299488811257705,0.0007243191489996192,0.40179553461260564,0.25744221625243036,-0.3819783536439778,-0.057959091777692234,-0.3566565133963643,0.01883157405041412,0.4025937590202702,0.31789283707264676,-0.34664860532089037,-0.19101062404247987,-0.3833641456669581,0.03693882895182862,0.4033919834279348,0.3783434578928631,-0.31131885699780293,-0.32406215630726753,-0.4100717779375519,0.055046083853243125,0.4041902078355994,0.4387940787130795,-0.35520983867813416,-0.33585808577511034,-0.5020969403070372,0.050478414066381046,0.42506163615277803,0.4912569651305294,-0.39910082035846534,-0.3476540152429531,-0.5941221026765225,0.045910744279518974,0.4459330644699567,0.5437198515479793,-0.44299180203879657,-0.3594499447107959,-0.6861472650460079,0.041343074492656895,0.4668044927871353,0.5961827379654292,-0.4989522916408944,-0.34519922283303495,-0.7827695070716161,0.03255416933845079,0.4897991822059915,0.6419736213559799,-0.6306514554512358,-0.3278461584367528,-0.7611072890884544,0.029084713226272374,0.5016343998370993,0.5474202853929528,-0.8940497830719187,-0.29314002964418856,-0.7177828531221309,0.022145801001915544,0.5253048350993151,0.3583136134668986,-1.0257489468822603,-0.2757869652479064,-0.696120635138969,0.018676344889737125,0.5371400527304231,0.26376027750387143,-1.1574481106926016,-0.25843390085162427,-0.6744584171558073,0.01520688877755871,0.5489752703615309,0.16920694154084437,-1.2891472745029429,-0.24108083645534215,-0.6527961991726456,0.011737432665380295,0.5608104879926388,0.0746536055778173,-1.4208464383132844,-0.22372777205906003,-0.6311339811894838,0.00826797655320188,0.5726457056237467,-0.019899730385209757,-1.552545602123626,-0.20637470766277788,-0.6094717632063221,0.004798520441023461,0.5844809232548546,-0.11445306634823704,-1.6842447659339674,-0.18902164326649573,-0.5878095452231603,0.0013290643288450463,0.5963161408859625,-0.2090064023112641,-1.8159439297443087,-0.1716685788702136,-0.5661473272399986,-0.0021403917833333697,0.6081513585170704,-0.30355973827429117
0.08779871440511755,-0.27216041806610214,-0.22131235494060064,0.0011049118097590238,0.7259716973851029,0.1547946744721802,0.021004658438958226,-0.3414261336220268,-0.2518530098637613,-0.020879408909042326,0.6651408908301103,0.17388155688779686,-0.0457893975272011,-0.41069184917795143,-0.282393664786922,-0.042863729627843676,0.6043100842751177,0.1929684393034135,-0.11258345349336044,-0.4799575647338761,-0.3129343197100827,-0.06484805034664502,0.543479277720125,0.2120553217190302,-0.17937750945951975,-0.5492232802898007,-0.3434749746332434,-0.08683237106544638,0.4826484711651324,0.23114220413464684,-0.24617156542567908,-0.6184889958457254,-0.37401562955640405,-0.10881669178424772,0.42181766461013975,0.2502290865502635,-0.3987247014687996,-0.5843676511986462,-0.39941388804758327,-0.10921618056363105,0.4034207260667231,0.2133507904625917,-0.5512778375119202,-0.550246306551567,-0.4248121465387625,-0.1096156693430144,0.3850237875233064,0.17647249437491988,-0.7038309735550408,-0.5161249619044879,-0.4502104050299417,-0.11001515812239773,0.36662684897988973,0.13959419828724806,-1.008937245641282,-0.44788227261032953,-0.5010069220123001,-0.11081413568116441,0.3298329718930563,0.06583760611190442,-1.1614903816844024,-0.41376092796325037,-0.5264051805034793,-0.11121362446054775,0.31143603334963965,0.028959310024232632,-1.2583818044223902,-0.321918153686234,-0.5263528932253579,-0.0932928459742633,0.34373143360205016,-0.02382472140978638,-1.355273227160378,-0.23007537940921763,-0.5263006059472366,-0.07537206748797885,0.3760268338544607,-0.07660875284380539,-1.452164649898366,-0.13823260513220126,-0.5262483186691151,-0.0574512890016944,0.40832223410687124,-0.1293927842778244,-1.5490560726363536,-0.04638983085518489,-0.5261960313909938,-0.039530510515409956,0.44061763435928175,-0.1821768157118434,-1.6459474953743416,0.04545294342183148,-0.5261437441128725,-0.021609732029125486,0.4729130346116923,-0.23496084714586246,-1.7428389181123294,0.13729571769884785,-0.5260914568347511,-0.003688953542841042,0.5052084348641028,-0.28774487857988146
0.31042822261766023,-0.05640332093321199,-0.45456202618608277,0.0009782318500288767,0.4610173357522189,0.18036264557174864,0.17710143328299288,-0.0668813718883256,-0.49424721765416313,-0.015925280827722377,0.3645343960188624,0.1785534815389796,0.04377464394832553,-0.07735942284343922,-0.5339324091222435,-0.03282879350547363,0.26805145628550586,0.17674431750621056,-0.08955214538634182,-0.08783747379855283,-0.5736176005903239,-0.049732306183224884,0.17156851655214933,0.17493515347344155,-0.22287893472100917,-0.09831552475366645,-0.6133027920584042,-0.06663581886097614,0.07508557681879274,0.1731259894406725,-0.35620572405567663,-0.1087935757087801,-0.6529879835264847,-0.08353933153872739,-0.02139736291456379,0.17131682540790347,-0.48953251339034387,-0.1192716266638937,-0.6926731749945649,-0.10044284421647864,-0.11788030264792027,0.16950766137513443,-0.6228593027250113,-0.12974967761900733,-0.7323583664626454,-0.1173463568942299,-0.2143632423812769,0.16769849734236542,-0.7561860920596786,-0.1402277285741209,-0.7720435579307257,-0.13424986957198115,-0.31084618211463344,0.16588933330959638,-1.015621077991528,-0.14187747756504773,-0.7735905599842282,-0.1325732397747921,-0.306889678506856,0.1536170164950043,-1.14172927458871,-0.1330491756008609,-0.7354523705696504,-0.11399309729985181,-0.20645023516572197,0.14315386371318128,-1.2678374711858922,-0.12422087363667408,-0.6973141811550725,-0.09541295482491152,-0.10601079182458795,0.13269071093135826,-1.3939456677830742,-0.11539257167248726,-0.6591759917404947,-0.07683281234997122,-0.0055713484834539195,0.12222755814953525,-1.5200538643802561,-0.10656426970830044,-0.6210378023259168,-0.058252669875030916,0.09486809485768005,0.11176440536771222,-1.6461620609774381,-0.09773596774411362,-0.5828996129113388,-0.039672527400090626,0.19530753819881413,0.1013012525858892,-1.77227025757462,-0.0889076657799268,-0.544761423496761,-0.021092384925150337,0.2957469815399482,0.09083809980406618,-1.898378454171802,-0.08007936381573998,-0.5066232340821831,-0.002512242450210024,0.3961864248810822,0.08037494702224315
