s1,s2,s3,s4,s5,s6,mb1,mb2,mb3,mb4,mb5,mb6,ma1,ma2,ma3,ma4,ma5,ma6,mc1,mc2,mc3,mc4,mc5,mc6,g1,g2,g3,g4,g5,g6
-0.00033564716164580233,0.00014931170729948207,-0.00039238170020983176,0.00010529689380245344,0.00018619658512442072,-8.893942262666599e-06,0.5252452744873309,0.11842539523568386,-1.6501336185942452,0.2365100765426711,0.27214791969143454,0.23370810668386183,1.3249151845782268,0.09301356321048615,-2.460183673267975,0.6080583364754252,0.28801418736735424,-0.6992618696699631,1.8060411782583279,0.14352613265021857,-2.6675403450018895,1.2593655091176157,-0.21198949682512877,-1.7022516004360626,2.3538824202302684,0.2548845997508598,-2.959854106261857,2.1700375474131453,-0.9317241505059783,-2.865581900993442
-0.0003813714884710606,0.0001813180136558401,-0.0003997541180433828,2.6536256457099228e-05,0.00032012553096549823,-2.1480795614259307e-05,-0.0060929837481598645,-0.341380226845022,-0.5178608333830836,0.17234866663163612,0.161322899815166,-0.5547360320981988,-0.012756531384463468,-0.7398686958468127,-1.1215654258589638,0.3733911520693449,0.3491594698133999,-1.2019030086178806,0.23863022012309576,-0.861219657180223,-1.5236326736790724,0.6313042619485072,0.45922806209776124,-1.5334879025998707,1.2594081921791693,-0.4357927162240564,-1.7520054535860654,1.203431020464679,0.4701616998106717,-1.3805886750542715
-0.0004277631627953582,0.00013141959900941913,-0.00043525481059703,0.00014256558312908396,0.00026265745303089005,8.97997316053889e-05,-0.05012220323623255,-0.41636875683843405,-0.589191763582625,0.4105364012749445,0.2832083226864879,0.3949308772861191,0.13049990557947821,-0.7294684284356538,-1.1678803246428615,0.5902084995939081,0.4782038782402409,0.7400216851108135,0.9117606066547775,-0.5758167497135929,-1.427020762037605,-0.012120663365165707,0.31185132697800544,0.7633162798337028,1.7446064638730825,-0.3653262943211497,-1.6571070663822316,-0.7427396694899311,0.1514063723113103,0.684936045033544
-0.00026025307388266583,0.00025108041810284476,-0.00044110589014856316,0.000144407696089921,0.0002563157925044024,0.0001421731901691814,-0.11713158607612868,0.08225395444466613,-0.8530832773684135,-0.5853045579027144,0.49338080669416523,-0.023256513690747063,-0.26739472850758783,0.1876862210502475,-1.9493374978404683,-1.3380246565297484,1.1273980092820148,-0.05334053968049651,0.6150203175650967,0.0937719212033496,-2.2513752095533235,-1.57121199997061,1.2714644263443295,0.31323419829045535,2.362689137069243,-0.14306823895581672,-2.1968533551477325,-1.5823171206189555,1.1822148831439037,1.0208943411318765
-0.00036781279211872686,7.723079899157881e-05,-0.00046063430492537805,-2.8780260180383266e-05,0.00017173050024066328,5.3044699241944215e-05,-0.32633171575470005,-0.10066273008782001,-0.5709576769543342,-0.7022993257200411,0.4380334952333637,-0.017251679229829436,-0.6988618905690788,-0.21579411395846182,-1.222954297125087,-1.504894234817025,0.9384469406426472,-0.03702850657733958,-1.02482579353166,-0.3165340748452734,-1.793451339774496,-2.2071647802768855,1.3763087053757703,-0.054333230506410965,-1.443922240197836,-0.44605688169974544,-2.526947537466593,-3.110084053010992,1.9392738314612141,-0.07658216127235988
-0.0003755409089798434,0.0002318085183929952,-0.00046780793446998814,-1.690800676801274e-05,0.00025501612198741697,0.00010143160319575628,0.26575588478490325,-0.211813221731539,-0.6144336792301828,-0.30412347134939816,0.32103576016251306,0.04331283510910283,0.6205977857100807,-0.4945399287314483,-1.4330548409577997,-0.7095988891395717,0.7487434188832138,0.1009280397836456,0.8555369773649724,-0.4921602978139423,-1.5551807946889775,-0.8673548470983969,0.3069907272092274,0.48951340652528463,1.2453159844234938,-0.4003005364923765,-1.5630974345489903,-1.0777424419480421,-0.762076460371406,1.296706495596924
-0.00040786008625648407,0.0001884541374659321,-0.0004570023974297399,5.4327364504835884e-05,0.0003148565563231287,4.059503730680092e-05,-0.3500958738684186,-0.2300307299988622,-0.38277666839909347,0.718615411784273,0.38571698448828573,-0.032509319391942466,-0.7497393181908896,-0.49313836901180863,-0.819713429543852,1.5398280796925794,0.8261765592676715,-0.06970922159679876,-1.0994273319730516,-0.7233575531481367,-1.2020330955455156,2.2583891641123475,1.2115786871996341,-0.10225913602604803,-1.4990707762955227,-0.9864651921610832,-1.6389698566902742,3.079601832020654,1.65203826197902,-0.13945903823090433
-0.000362865119684308,0.00022072667277495128,-0.0004513024391235021,5.972821888811097e-05,0.0003166049028830997,0.00010126249860231695,-0.059504203350823306,0.07503450113344912,-0.8840974476293157,-0.2969219775858422,0.2137557143847041,0.25424379596072677,0.022149570789951695,0.10886616212306108,-1.7953574854698684,-0.609673841745425,0.4106302682155287,0.5307370202553039,0.8762432170860385,-0.13662635235185344,-1.9382149687526358,-0.6801330609013041,0.3756580065238041,0.6660193180988253,1.927069808141656,-0.4206999821890783,-1.971731108969389,-0.6213920525726184,0.7106116224666048,0.8307212238676341
-0.00036715760284788956,0.00010549235787848943,-0.0004161600966172685,7.841592258372998e-05,0.00032919213353999055,1.7651293475751118e-05,0.10712718500727844,-0.3407732556692322,-0.5918431464635107,-0.36847964694648255,-0.1388645823630066,0.27926130232204693,0.2325372513857592,-0.7384651283675282,-1.2818412972248865,-0.79846405362706,-0.30125731927564436,0.60504556185538,0.544056121717418,-0.6164809726356991,-1.562270674928209,-1.0153305947919602,-0.5466015217163172,1.0757323444842766,1.0138211562187052,-0.33040532399087646,-1.8532438162223532,-1.2640349105573832,-0.9020339057556477,1.754366223082892
-0.0003820439379120799,7.22683664822199e-05,-0.00046354244496260577,4.056654857720332e-05,0.0002463601172291163,6.725388776462893e-05,0.3188993824874009,-0.32696536884506416,-0.627914683000524,0.08057573119660269,0.16936945243295493,-0.22318162679309633,0.6913943799835993,-0.7085092789252015,-1.359941013648679,0.17453342328596577,0.3666797268013017,-0.4836386542541008,1.096153353330783,-0.7963728404219387,-1.643891860455254,0.03959588994979868,0.4666129923704213,-0.29709412663579754,1.6680959603113463,-0.619843907167521,-1.5744175056891077,-0.36921604659062096,0.5024803376633536,0.3986334652679145
-0.00035613379058574424,0.00010622961977801992,-0.00043580237045492964,5.05993725834486e-05,0.00017385611734788142,0.00011383806788956008,0.20770499380952162,-0.04701022928225772,-0.6398564190846122,0.6594736514970729,0.24699435566382977,-0.8811715148311193,0.46200192754298625,-0.10459701238474585,-1.4213705061796935,1.465435159649227,0.54866385510953,-1.9582980572632414,0.8303348607147726,-0.15854699135434258,-1.917730599011884,2.0858006796018476,0.5345855165511058,-2.6607564920136735,1.9469915691444148,-0.30261392329187753,-2.130798338549183,2.8017856304433084,-0.4032647582280452,-3.110124459028826
-0.00042451466286141937,0.00017444145629319507,-0.0004377449863532945,9.184577623422285e-05,0.0001670074382582598,-2.5101498782653664e-05,0.22922595395288906,-0.5183084953306119,-0.33716062227998317,-0.6204878713130986,0.3453213653318582,0.04530172333471199,0.7236874490430778,-0.8362278291672052,-0.8521559685718296,-1.1478877144612543,0.6615295639728558,0.28648100902467416,1.3511206141796344,-0.8148371189163212,-1.3939079252699398,-1.3868072272955878,0.8356248356174659,0.6689184049073839,2.0943782460125995,-0.33013523222048213,-1.914814842592436,-1.2045142064221999,0.796290931087548,1.2045986883242412
-0.00036945031200907863,0.00024492668247866334,-0.0004060929235381039,2.3253129173284037e-05,0.00018861014785098718,0.00012504342768693277,-0.20393250738548277,-0.173675740185868,-0.4330548236930741,0.5656824685226941,0.3837090483818299,0.04955417627887053,-0.47534991681678107,-0.4055699626769969,-1.0099197980524555,1.3198947557140552,0.8950696326938018,0.11545968674711533,-0.6789129738902548,-0.5794906295453436,-1.4425685288219916,1.8855539711075762,1.2785900709277807,0.16488881959829893,-0.9503303833215531,-0.8113848520364725,-2.019433503181373,2.639766258298937,1.7899506552397526,0.23079433006654373
-0.00028097961016904094,0.00023611526546396533,-0.00045629746351494305,-4.0016135900877714e-05,0.00022692824058268002,-5.213759878053281e-06,-0.3849229229153103,-0.18166667250461013,-0.42394007018500984,0.7021190869649448,0.39185535469482136,0.05722061643996366,-0.8245137152640432,-0.3895555728132663,-0.9079215247238612,1.5045866333659115,0.8394306992139513,0.12262156523978276,-1.2091556585691845,-0.5714583605833404,-1.3314052974453563,2.206745736466757,1.23105912566819,0.1798473954396245,-1.703695299961509,-0.8053333734305785,-1.8758844338015639,3.1095217261678445,1.7345813882522112,0.25342346283942097
-0.0004018126212823603,0.00012429037830674616,-0.000458943368951914,3.652417114263784e-05,0.000276795102177374,-5.283494246555165e-06,0.13436887245359214,-0.17267175656382674,-0.5317996390378683,0.01677654143718378,0.16505862326237505,-0.20789163189460333,0.3365249000659039,-0.43186582697702697,-1.328810682541243,0.041886567336245496,0.4122313655026716,-0.5197211544951384,0.585035269036498,-0.5461725414547146,-1.7320808511295225,0.16960731436206689,0.5518532168964174,-0.6734806386075772,1.4696294000231278,-0.4544306170812397,-1.7606687321490775,0.8606017188198103,0.6480660985380031,-0.6605489754806045
-0.0004161946935248295,0.00012183563745971071,-0.0004106105816745753,0.00014538745760805938,0.00030929180610872464,0.00012039248356732202,-0.1028276463969012,-0.24915624550614543,-0.3515807418177827,0.439986274832126,0.3305529325925651,-0.06690515938904269,-0.22572138844095285,-0.5482899428784717,-0.7729848993011125,0.9677953396815476,0.7268453015363128,-0.14733582163617473,-0.3281328401443292,-0.7975680240220767,-1.1241550305372205,1.4076362270560654,1.0570889423227692,-0.21436137350878473,-0.47150887252905616,-1.146557337623124,-1.615793214267772,2.0234134693803907,1.519430039423808,-0.30819714613043875
-0.00031725402389692903,0.00023561151644901912,-0.0004496082450611283,-3.944652993492781e-05,0.0002636282306438531,1.1685847864484344e-05,0.05330433213001792,-0.2868080807425124,-1.0247431374898675,0.24259227162993294,-0.5546015212691657,-0.5904701424357095,0.4277674680989054,-0.2846952723157622,-1.8386712631674635,1.0403520357895562,-0.7981437557755547,-1.415335012164274,0.8785791651138094,-0.11795383733339104,-2.2998396937559122,1.9273964650462898,-0.794203686141021,-2.138457371367529,1.4796614278003482,0.10436807597643707,-2.914730934540511,3.110122370721935,-0.7889502599616426,-3.1026205169718692
-0.0002885628580671096,0.00026364235054732177,-0.0004679677460082132,0.00011270139155872272,0.00023562661850906608,-2.6947662759013724e-05,0.10903493150948322,-0.14188221698114012,-0.812986868944418,-0.5211659493717749,0.47615208299581474,-0.05540596626382298,0.23397606792954076,-0.3043346276459258,-1.7415798988854576,-1.1169129788155847,1.0200566045698785,-0.11869627323646752,0.9609901344070297,-0.2176678271712084,-2.1360940868820935,-1.1868386209868622,1.0310878689886467,0.19088466553279276,2.074236186202989,-0.014019982145746212,-2.3958795757002953,-1.0604208366833818,0.8311760834290502,0.7115302903526669
-0.00039627931018682006,0.00012936645074912434,-0.0004046157737640499,3.1500316040045107e-05,0.00027171485724331035,-2.0737753796851166e-05,-0.4008668186850152,-0.03326752778686486,-0.7260149383690699,0.0668306943399077,-0.22644915282012243,0.6703687521698947,-0.8585474351133905,-0.07143540691556656,-1.555283878477991,0.143172630367185,-0.48555871587996896,1.436528169225542,-1.2590179744882188,-0.10483230115318054,-2.2808942010732967,0.20997182439105264,-0.7122795835573347,2.1069176591492336,-1.7166985909165942,-0.14300018028188224,-3.110163141182218,0.28631376041832995,-0.9713891466171812,2.873077076204881
-0.00030195818412526165,8.045541643486587e-05,-0.00036385191256282923,5.446192031755004e-05,0.00016170806214432787,0.00014155681367711281,-0.23561967399205547,-0.23059340115208204,-0.4875946885881974,-0.1988948145331171,0.4955765135656563,0.3984192743396499,-0.5045542063439757,-0.4942206658018157,-1.0444299305032083,-0.42626541619418534,1.0617648627125271,0.8535938086550474,0.34484204371761173,-0.5090342435102181,-1.4820469250123318,-0.5388620660097373,1.0263484908154994,0.9227257218840385,1.9270605009293198,-0.4206320297797848,-1.971675202766931,-0.6213240423675414,0.710743977316694,0.8306110969616527
-0.00031249104899178093,0.00015665321583657743,-0.0004355124136052879,0.00013244878402929317,0.0001778324243097984,0.00011346289425162581,0.24810694429874855,-0.05854463109076149,-0.6956503908645941,0.3026947291643252,-0.02958339883254763,-0.13188769822340785,0.595894153785585,-0.14072642911999877,-1.6689512206959785,0.7262819216967394,-0.07124912259214802,-0.3166893237881311,1.0219181488659665,-0.3251270674227452,-1.6721821747735595,0.4091852392989673,0.23247091845861537,-0.08750022493961707,1.6183517419785005,-0.5832879610465903,-1.6767055104821726,-0.034750116057913644,0.6576789759296842,0.23336451344830256
-0.0003481982344419876,0.0002630969986761045,-0.00046254436356818474,0.00010372075067177633,0.00029652698698168223,1.2516444501287083e-05,-0.30294762969633265,-0.13956809929872713,-0.5409304472650086,0.7257486101452053,0.4087575553342299,-0.03042247506875058,-0.6487755513670649,-0.2993751807814737,-1.1586080505809404,1.5550570551675293,0.8755701591596564,-0.065205322512467,-0.9513749828289555,-0.4392063770788769,-1.6990759534823807,2.280701944562063,1.2840311875069046,-0.09564031402571885,-1.2972029044996878,-0.5990134585616235,-2.3167535567983126,3.110010389584387,1.7508437913323311,-0.13042316146943528
-0.0004133253759599498,9.968354118328193e-05,-0.0004216228834490465,-2.680388232256803e-05,0.0001802698685402504,-3.8339928617681096e-05,-0.037232211320511584,-0.5181588019453339,-0.37094706103782366,-0.37105025504422284,-0.3943179527659659,-0.008199485455512428,0.10287097562627648,-0.9372473421301227,-0.8328841534722987,-0.8066947366056304,-0.7217324579226327,0.12103917577231246,0.6129878364115904,-0.857166820103164,-1.2576008079878385,-1.1520690141782743,-0.6857327410671169,0.5256546146492512,1.195058003648618,-0.5204899593590262,-1.550214245077933,-1.3566691926398622,-0.4570799629233837,0.9772694097003382
-0.00042403403586810384,0.00022651801257644877,-0.00028622726968219325,4.6062635739474445e-05,0.00015415323901724065,9.263870924236528e-05,-0.46434515143973953,-0.12249527747930357,-0.5666814880832569,0.15356368558754457,-0.2557263746142155,-0.5745874845103877,-1.0608151595304314,-0.28028044311172073,-1.2949039662721387,0.3509434865255797,-0.584715624711229,-1.313461928649912,-1.524736276934303,-0.40300223860360074,-1.8612992270857134,0.5044611094773849,-0.8405961525644616,-1.8881420518695422,-2.1212062850249946,-0.5607874042360179,-2.589521705274595,0.70184091041542,-1.1695854026614751,-2.6270164960090665
-0.0003407800593482335,0.0001363046666860157,-0.0003580587941502955,0.00013171596726913037,0.00018120374369257064,0.0001394532170948537,-0.05726371564715747,-0.24538576445216406,-0.43800351692660683,-0.273679962812738,0.3650328045359131,0.3866286545414246,-0.1331609630975698,-0.5727485232772975,-1.0215307944365488,-0.6387622011860808,0.8515016055922071,0.9019475896405309,0.4565852209967647,-0.6570165722925316,-1.2852012965828121,-0.8022305359539802,0.6961548900831233,1.0275284262683686,1.706028099884873,-0.6355959602798211,-1.4476372969370623,-1.014057965277757,0.13209687888026517,0.9910942580366731
-0.00037150998165103033,0.00017702879832981466,-0.00045325318323996555,1.8457690140749605e-05,0.0002773087438363575,7.223956230273387e-05,-0.3263674788389552,-0.1005570874173584,-0.5709413950022942,-0.7022329895379805,0.43812509756208157,-0.017275206438611697,-0.69893430039016,-0.21568179166385923,-1.222927842795499,-1.504806072084405,0.938522570497219,-0.037100859011085334,-1.0249302692474642,-0.3164159078795475,-1.7934159846145534,-2.2070575193125266,1.3763703593154644,-0.054448305011999765,-1.4440679434925696,-0.4459312001568609,-2.526900738381909,-3.1099522371772537,1.9393175163674938,-0.0767521641560326
-0.0004050181154342525,0.00020530367399107519,-0.0004196759400487693,4.126325032061118e-05,0.00027671471051426977,0.00014211370376759902,0.2775093759563986,-0.36331578808454046,-0.9644344341016566,-0.05321168304049766,0.43259268774540444,-0.23988966501725503,0.7497710533980382,-0.5564385696337503,-1.9216854742349005,-0.26260673282796626,0.8767210553444997,-0.23336070258742267,1.3606686070748004,-0.2232167729950697,-2.2249871455464656,-0.6967366575826398,1.0523260985273435,0.34412401424118333,2.124290549170753,0.19331047280328095,-2.604114234685922,-1.239399063525982,1.2718324025058982,1.0659799102769407
-0.00039066298308298997,0.00016915876962553256,-0.00041826058219651685,-3.958916323920647e-05,0.000320781279694593,9.484335597864657e-05,0.4447234351724517,-0.19484274470614898,-0.815435808736621,0.1030044180128493,-0.13727861784409728,0.4522080647491176,1.0170129899438534,-0.44557233488928766,-1.8633155135065953,0.23548957009639165,-0.31419213100325827,1.033496492254582,1.4368303995853018,-0.43376978808056504,-2.118867479019219,-0.08481305420895469,0.14570404670908793,0.9248107008756467,1.963585915031348,-0.31223336775160887,-2.1597091350339506,-0.7143518387919949,1.0442825718549755,0.49666090539137725
-0.0003658453914567872,0.00014996982512283097,-0.00034182970095741894,0.00010169063187781546,0.0001691958931875348,0.00011955965895982246,0.3697904374572606,-0.36932080078182694,-0.5844621859077116,-0.0021890796778279123,0.646816895597483,0.46528262717924607,0.7862162556620677,-0.7849754177146455,-1.24159758664031,-0.004766196276246856,1.3742955577648155,0.9885910781395681,1.4657404590479124,-0.787982262370299,-1.7105313837456302,-0.42077182233755117,1.1183417266689313,1.2410643613286882,2.094346232383502,-0.3301994176154808,-1.9147485261045167,-1.2044806540433182,0.7962885216328801,1.2045546659067536
-0.00024930889602980955,0.00010822125748877198,-0.00030313508511792264,0.0001429119527811551,0.00020698922607564896,-3.080514037456794e-05,-0.1551151964525253,-0.20039098770932165,-0.4565886728660102,0.5280971949691731,0.3724928404722414,-0.09712817471057128,-0.3357920652684367,-0.4343067315039338,-0.9889218002770511,1.1440438584882968,0.8068263335927681,-0.2104084392091341,-0.49065795282493213,-0.6348059404707441,-1.4452073380579433,1.6719981415046885,1.1791121848389339,-0.3075058087793308,-0.6713348216408436,-0.8687216842653563,-1.9775404654689843,2.2879448050238125,1.6134456779594606,-0.42078607327789364
-0.0003178620149606459,0.00015294681022481882,-0.0004235238387817475,8.871247208830368e-05,0.0001590270770899238,-9.107718375922502e-06,-0.46425246853633184,-0.12253319235012476,-0.5667759705154404,0.15360059419634509,-0.2557106636045762,-0.5747051014034524,-1.0607398197780948,-0.2802725141277171,-1.2949434019568586,0.3509730135561038,-0.5846859801952898,-1.3135999504271223,-1.524674426299466,-0.4029586532880667,-1.8612958486335174,0.5044848952803606,-0.8405556708769559,-1.888295944112199,-2.121161777541229,-0.560697975065659,-2.5894632800749355,0.7018573146401192,-1.1695309874676696,-2.6271907931358687
-0.0003539697715835288,0.0001274070267713867,-0.00035196397924686096,-4.6675995438505424e-05,0.0003346839118281153,-1.4698984180938623e-05,0.2656580449902573,-0.1311269030299609,-0.5506980516938086,0.28564575780281926,0.021196917337590635,-0.5381870571658017,0.5760053955457382,-0.2842569314294819,-1.1927684873607973,0.6189535972341199,0.0455361896676469,-1.1660548083776925,0.8760782896059645,-0.38886004804503344,-1.5979034619752286,0.7396425118257199,0.1815706482011747,-1.3183199520256283,1.3670044931486272,-0.4572610210226203,-1.7508537931941222,0.4605516800634326,0.6700758598665857,-0.4922542381330494
-0.000257303321112623,0.00023427993028946048,-0.00036458795423754964,0.00014423155769005547,0.0003177986901885532,0.00013223179182020317,-0.32452935357627816,-0.17726524920451717,-0.5199225311670398,-0.7255574180292157,0.3501034424144507,0.02816757874000235,-0.6951259824393244,-0.38012185393001047,-1.1137030376959567,-1.5549307318428223,0.7498584638136074,0.06020797525221051,-1.0193980326944898,-0.557621383064817,-1.6332609809087588,-2.280632381429728,1.0996441075378696,0.08824332220039265,-1.3899946615575363,-0.7604779877903104,-2.227041487437676,-3.1100056952433346,1.4993991289370263,0.12028371871260082
-0.00023287751830469716,0.00021601537704540874,-0.0004340871089958398,-1.850252894364246e-05,0.0003093403976146547,-1.3426729969623352e-05,-0.38249530887595234,-0.1233509642899018,-0.5123439454929386,0.6802891926161858,0.3703354370094858,-0.037798408445254124,-0.8739755777643564,-0.2822227952902625,-1.1705137634151508,1.554970514945638,0.846083275510463,-0.08637909922204848,-1.256238009122004,-0.4057897749572097,-1.6824236217990935,2.2352782100907675,1.2161093721223342,-0.12416408093733297,-1.7477182780104081,-0.5646616059575704,-2.3405934397213057,3.10995953242022,1.6918572106233114,-0.17274477171412733
-0.00023223066325606112,0.000102856580229016,-0.0004052273837338305,5.630118699873066e-05,0.00033618210967567563,5.784416896048583e-05,0.2503582423705765,-0.19710935913729033,-0.5902988874643988,0.3812014604450464,0.18301721389473183,-0.7984352656716386,0.5635963336628672,-0.4436246287841895,-1.32766596256523,0.857632909517606,0.41136850362605204,-1.7965516529723873,1.0459114374399634,-0.4411258392935806,-1.7125182155368508,1.475344508655547,0.3206836945328562,-2.2952231282712963,1.900267525496663,-0.27292842444728743,-2.072530902507868,2.519865270371128,-0.029534736694845857,-2.733543558310401
-0.00025870038026543085,0.00010939073624438578,-0.00036726235095319026,-1.7020034505321746e-05,0.00033768193921357437,6.326705291215262e-05,-0.34457104435350727,-0.16589511953649652,-0.41819708495248087,0.6245083750189805,0.4310635741777963,0.14281084558111104,-0.7872583437476753,-0.3793294898871634,-0.9554068568687307,1.427469597230605,0.984854007055974,0.32634344654593817,-1.1315706877209173,-0.5453340001599044,-1.3732366794702586,2.051994992284091,1.415579899294557,0.4690910250741371,-1.6234454648255483,-0.7824833005495342,-1.9701364260438694,2.944174128074785,2.030902602492532,0.6730161372572783
-0.000333730791879816,0.00023040319141820476,-0.00039257131242376175,0.00012046265482013041,0.00028697618995110474,-2.2001369843316354e-05,0.2024834818199792,-0.28790335056689714,-0.9086524545294198,0.4446831325252219,-0.009049863394165367,-0.5281702265935813,0.6389400568081819,-0.44672270143014636,-1.6041012945950304,1.0396966645324732,-0.1245041431391667,-1.188831021057593,1.2583316910197637,-0.40419421095875074,-1.8596741207050065,1.6740203912089742,-0.34374165314902383,-1.8499673284559437,1.955147279507793,-0.3563496591784307,-2.14719355007873,2.3876345837200375,-0.590383851910113,-2.5937456742790888
-0.00042752503449605683,8.120348725260129e-05,-0.0003037165210919568,0.00011396944393560204,0.000322374143441273,5.271609329504656e-06,0.27239076617346797,-0.31473760994272526,-0.715893875361289,0.11907901720306285,0.28604849007073624,0.00480949516982216,0.6677930757331645,-0.586233300057372,-1.4642865631898172,0.09304184900575124,0.5710777236719742,0.10955943094152326,1.1815267532512586,-0.4280905017607994,-1.6384056474460331,-0.4895015203416851,0.584490420236714,0.5159931796164994,1.866504989942051,-0.2172334373653693,-1.8705644264543209,-1.2662260128049336,0.6023740156563672,1.0579048445164676
-0.0003524540919110919,0.00010522159243464557,-0.0004031136711493133,0.00012408807239516761,0.0003276359909119009,1.0166077838213994e-05,-0.37645642848825694,-0.2025711300417297,-0.47702445579338065,0.7023525395063754,0.34365060085700294,0.044325588341869365,-0.8062895420840809,-0.4342012461950604,-1.0217345610759307,1.5048993411452103,0.736019703561107,0.09497178521504783,-1.1823935164804267,-0.6368775978292248,-1.4983559031981621,2.2071277925791906,1.079342668427198,0.139287207479079,-1.6659557692757285,-0.8974614785017218,-2.111154771641031,3.1099929444228795,1.520757908969315,0.19626417896140474
-0.00039841665409223737,0.00026384034044024673,-0.00033793433331918976,0.00013543254353720613,0.00014244532492924122,8.948791982010817e-05,-0.5020153938044,-0.2402464607667827,-0.3857448423636076,0.12284798569555878,-0.24322306749521955,-0.650132948303334,-1.0752919391190374,-0.5151153763178946,-0.8262098801125086,0.26309090358358345,-0.5213550821468181,-1.3932443039869387,-1.576908916269345,-0.7556256774251175,-1.2116167881427968,0.385803456735605,-0.7647205949669669,-2.043466740210093,-2.1501854615839826,-1.0304945929762295,-1.652081825891698,0.5260463746236297,-1.0428526096185655,-2.7865780958936974
-0.00039873000501966516,0.00022074700342766818,-0.00040354675364806525,8.282573149198669e-05,0.00021379593868608993,0.00011444980119801329,-0.32463978002212623,-0.17727242660811346,-0.5199680571691845,-0.7256387979982487,0.3500072124930255,0.02814074529421599,-0.6952009800416766,-0.38012176787844615,-1.1137560690726547,-1.5550349394036667,0.7497711171265563,0.06017079728623653,-1.0194420300587832,-0.5576149414899872,-1.6333205794881909,-2.2807565631334072,1.0995645336808957,0.0881970927792545,-1.3900032300783336,-0.76046428276032,-2.2271085913916613,-3.1101527045388253,1.4993284383144265,0.12022714477127505
-0.00037077692801634754,7.526425185844232e-05,-0.0004541040559500331,-2.6897158437400037e-05,0.0003279368225577173,4.5547715807892075e-05,0.0310140574035326,-0.20384604211683255,-0.8681158540246666,0.20520616223783086,0.368731642907469,0.13025909220531667,0.40953516559921016,-0.3686619679871294,-1.6573953140393505,0.10553327087627767,0.7009424481030182,0.40718771765255873,1.1142693247713171,-0.3584249757799048,-1.7898513174541906,-0.4358676108406093,0.7513578816859309,0.7440223943978616,2.094429660229841,-0.3301059311617483,-1.9147445295203713,-1.204617748268587,0.7962723035184687,1.2045306939721836
-0.00037311981285004236,0.0002233760260921258,-0.0002899023565943182,-2.0896300249262367e-05,0.00014932214365792618,1.4762109548982494e-05,-0.3446545179959742,-0.1657915765796812,-0.4181584326947415,0.6245138105481749,0.43089494078480817,0.14276023085117945,-0.7873020299457052,-0.379239372787104,-0.9554179717009307,1.4274870050675774,0.9847107361805728,0.3262901192332757,-1.1315834281288293,-0.5452543253928773,-1.3732865020390779,2.0520217119160016,1.4154563548217232,0.4690355879749062,-1.6234139969618637,-0.7824185434011249,-1.970241545379288,2.944214150270893,2.030807238594795,0.6729576861772354
-0.0004017544613637014,9.704324833670341e-05,-0.00042896610271636604,4.6490048006830875e-05,0.00028584551045529594,0.00015074922008118108,-0.05858755018392282,-0.26426568823634805,-0.6150955800559917,0.3001523580125891,0.48302905191385137,0.12886546661026696,0.14979949317703783,-0.5463835989085173,-1.2699153828566085,0.4727066224527572,0.9044417651410834,0.2562994530552274,0.9383292673801575,-0.6298407330036256,-1.635063475857225,0.19469799665167653,0.9136472799202123,0.22715657776138132,2.03744671248789,-0.4691441939046042,-1.9548748518099262,-0.29706483564344144,0.7974556759081787,-0.05078869903911443
-0.00041831230792332974,9.540441544597655e-05,-0.0004474571354613488,0.00012724153858734155,0.00022489076156606558,-2.6285039082196704e-05,-0.12139941269232185,-0.11982993861817377,-0.6472424390832519,-0.42810512083534036,0.0895894413249251,-0.442789165293552,-0.2827075465381865,-0.2797303959963334,-1.5096357483469725,-0.9990816040005773,0.20874217540940382,-1.0331396722995116,0.4085794264961318,-0.28790614371559126,-1.7352771842825412,-0.7087455426807501,0.2359080543991114,-0.7872752224080769,1.6891903080732245,-0.26664488670016945,-1.9473932743822278,-0.05767092359288306,0.2579972714115773,-0.21189034852715338
-0.00033044226632306106,0.00019626913917747402,-0.00041027520369230075,0.00013197038420820206,0.00017693034997279256,7.821517572903502e-05,0.5432580979839392,-0.33239209355855825,-0.6010260412895121,0.8213799206886827,-0.1618926846994453,-0.30543595184134026,1.1292902231425281,-0.6700711156683561,-1.2480346240648,1.7034522190733772,-0.33245522054915677,-0.6821580005237886,1.5443122436032057,-0.5741970264273244,-1.6981846971428562,2.2752199475352364,-0.3864732621714585,-1.7088569231774682,1.9469947175426372,-0.3026402634113251,-2.1306904547727843,2.8018428715862687,-0.4033024272221143,-3.11009036540538
-0.0004197724827461613,0.00023131809203302822,-0.00030366031518180847,-2.44409688336944e-05,0.00026720626714649143,-1.742327564713264e-05,0.26952183817114767,-0.11197298517964202,-0.7756213583353306,0.09971934595566706,0.11355763916168043,-0.21561053878695183,0.7229095175916347,-0.47861294405029525,-1.6313148485339588,-0.21360019419461362,-0.29512380688434353,-0.08751638605878506,0.7005066962322328,-0.3409099585500516,-1.8270997069723327,-0.8571363280421763,-0.6219794421123233,1.0317999814282797,0.6753035222029057,-0.1859940998622775,-2.0473576727155036,-1.5811144786206843,-0.9896920317438004,2.2910308948512275
-0.0004060354629125129,0.00026538255867691873,-0.0004161247202052465,4.051350776457241e-05,0.00031897566568162006,0.0001447672766738961,0.07200763415514663,0.029412061544591882,-0.8282312809952979,0.5915014122011933,0.32715562593952585,-0.908573663958898,0.2263960151849145,0.04770407346014067,-1.7808121390472558,1.3237352675685954,0.6530273934564921,-1.9853868287729328,0.911937468996676,-0.08483808465687848,-2.0504076794882615,1.9973064165974295,0.29161471044660336,-2.571371241413427,1.9471636262944862,-0.3026013716673634,-2.1307695071094384,2.8017421002740392,-0.4032789840459826,-3.110110108746402
-0.00038121910016819527,0.0002350635297831971,-0.0003628584097334908,5.7095729905753956e-05,0.00020434996159846008,-3.858345720431089e-05,0.3013252806354525,-0.10951652641538048,-0.8054436152376635,0.46915285507064264,-0.21761757969978124,-0.5557823730525275,0.6784584053049783,-0.24670601384683508,-1.811794561272576,1.0555225542465638,-0.48989499177650586,-1.2504621100466815,1.2013288227806458,-0.28485187614398016,-2.0572339953540055,1.7837075869967487,-0.491497858171708,-2.0346583677361463,1.9470684770169167,-0.30269848416207046,-2.130849403478084,2.801892741855083,-0.4034101648048034,-3.110092218220536
-0.0003854804266971712,0.00026700410268087893,-0.00042643520069152174,1.72650358729598e-05,0.00027298042888457275,0.00012857586781400698,0.0487063625206997,-0.2484293754664865,-0.676823323172284,0.618042953249207,0.6960449798590601,0.12867721939821747,0.1100711662049458,-0.5592998499279457,-1.5223194331367746,1.3905750635158745,1.5657599791467796,0.2893630238112218,0.8683842688700041,-0.6962572783954631,-1.7308239315818197,1.0559214480767278,1.318623511234228,0.16341987491462484,1.4818798119411982,-0.6304709865149188,-1.4830107914737922,0.10261004569800003,0.26376313890857,-0.0461424242656822
-0.0003696725068351725,0.00016722078479602942,-0.00042245006545371666,0.00011591449931724895,0.0003141946761076042,6.940787026454842e-05,0.036147231684688655,-0.7742433092132082,-0.7384155469609885,0.7616417657247648,0.17948268712838086,0.4647932394587925,0.675561857525219,-0.6686779883868097,-1.2517446903492548,1.492461832358381,-0.002827137268938573,-0.6958702758094115,1.2535281624537444,-0.5023085576357198,-1.651317266438994,2.0876140882775367,-0.18485138603489015,-1.793266547106736,1.947087728367975,-0.30266524073441203,-2.1308043577466806,2.8017967953805236,-0.4032804845540321,-3.1101420726635256
-0.00034501659432262244,9.890968158110525e-05,-0.00042597454294579506,-2.295184493839031e-05,0.00022565632907678435,-3.385779863318561e-05,-0.4635111838569534,-0.27639086205818736,-0.2815364949471845,-0.4868422825117196,0.2813984408843579,0.038831705787322715,-1.0810660735404611,-0.6450438910445453,-0.6563505221528362,-1.1359347234007613,0.656295486958066,0.09065245723526393,-1.544232240803092,-0.9215336627843138,-0.937461042557075,-1.6227540540675427,0.9374682715133471,0.12951802082121983,-2.238981491697038,-1.3362683203939665,-1.359126823163433,-2.3529830500677145,1.3592274483462687,0.18781636620015368
-0.00040952078995637464,0.0001709086991903419,-0.0003809814459296845,5.683122055444301e-05,0.00029995274355432144,5.13297223569964e-06,0.3125432852362281,-0.18256585892126845,-0.852516177717681,-0.49905759521608223,0.6484575629898839,-0.8573099254591456,0.6539463463557021,-0.381915059961769,-1.782118210014137,-1.0435460604196858,1.3555385923495162,-1.7925627164751983,1.020166309531576,-0.27437734964971383,-2.221767963594863,-0.6587800652794681,1.2836278809417037,-1.4707903097028443,1.4889443461651914,0.04874218919298427,-2.4627924383469764,0.392849642249834,0.7123625891998033,-0.29424696935377354
-0.0003543552242941672,0.00013301924551978317,-0.00040493027838284235,0.0001324429525260129,0.0002781548735528716,0.00013098670103062204,0.40292081461260176,-0.43448041554808525,-0.6252527462890171,0.6964811880454456,-0.04299664132350226,-0.25932821867623046,0.9115249535395749,-0.8950714462573338,-1.3691484685448725,1.5252622537687073,-0.11661712444300278,-0.6533440550621477,1.3508815364232958,-0.6682787787888765,-1.6966839024960074,1.8883720737185261,-0.3161078236255107,-1.4703378977541353,1.954996837888412,-0.3564388610197478,-2.147045124178818,2.3876480761495267,-0.5904075350014591,-2.593704431455618
-0.00025218800703008526,0.0002493215020669126,-0.00036495249370283034,8.035921240168165e-05,0.00027990821600987204,-2.2663579938075884e-05,-0.3445500110138682,-0.16578111630611697,-0.41822236853600075,0.6246106786395307,0.43103193011248,0.1427231850753542,-0.7872186405940885,-0.3792488220594963,-0.955467617733241,1.4275782321886965,0.9848559582650843,0.3262535619178728,-1.1315164636009267,-0.5452792598676802,-1.373325033775539,2.0521085516158255,1.4156079801615544,0.4689994105731651,-1.6233704964678382,-0.7824655995936571,-1.9702641995502501,2.94429472222601,2.030968011442226,0.6729220515092968
-0.00042556866893583845,0.00021753517068479056,-0.0003261450218934314,1.6940197093973097e-05,0.0002939254716300965,6.39752849149744e-05,-0.028838628354936734,-0.31551918704714826,-0.47951980517567283,0.7879351288470006,0.2755374489257161,0.1535236137191447,0.012247815321050577,-0.5957572040380857,-1.041833895419458,1.5476045108220167,0.5765061123774258,0.24938998587760156,0.49874433885496805,-0.34726626744981637,-1.6236769060494984,1.3498628640977839,0.756582092360792,-0.15376287805280842,1.0547403657508736,-0.06327662563465143,-2.2886403467695446,1.1238724106986608,0.9623832123417819,-0.6145090082589912
-0.0004158447410729238,0.00023567661708323584,-0.0004449177065239951,-2.5290218513163154e-05,0.0003355533135041,-4.3084769163925785e-05,0.17479067506776552,0.012841413029171236,-0.9231370880914441,-0.14690098010014727,0.32911571971076375,0.494466279850758,0.5121005029937821,0.019000333261720403,-1.8964480267043808,-0.2964968651929624,0.7293171324860207,0.8780290436969572,1.2063995348245653,-0.0015084866552181409,-2.4276393542879977,-0.3602839072450879,1.1263585542503558,0.6253859197188335,2.112267552677576,-0.037083799401995424,-2.7280853103638396,-0.3784077092251594,1.5306258255316387,0.017837482086534174
-0.0003603782141929912,8.111598582516422e-05,-0.000456440288350457,-1.7238248315010196e-05,0.00030861211228128127,5.4423948618875784e-05,-0.3446373218469705,-0.16592163773519175,-0.4182591279062929,0.6244985263596756,0.43103367246832136,0.14278511290040383,-0.7872791065176844,-0.3793537496622135,-0.9554340119865046,1.4274473665699494,0.98482303578323,0.32629599869555587,-1.131556050150462,-0.5453565033832305,-1.373236699604447,2.0519631311779403,1.4155480961392701,0.46902668764734085,-1.623380255340144,-0.7825032944132546,-1.9700976819157932,2.944128509189355,2.030869610933613,0.6729276718641765
-0.00029531018199602244,0.0001744402919223731,-0.0003967124151502688,0.00010255001395442775,0.00015899219546966492,-1.4559844361272667e-05,-0.3541553193186527,-0.18357286711711446,-0.3816631833972053,-0.6793357620473617,0.4746567737283355,-0.04696804406299087,-0.8091181882086398,-0.4198194052144475,-0.8718629318027046,-1.5528993061261966,1.0847253499848772,-0.10733680948694321,-1.1629781973452964,-0.6035667126234843,-1.2531294027847595,-2.2323376181875125,1.5592231315177432,-0.15429029370557282,-1.6179410662352836,-0.8398132507208174,-1.7433291511902589,-3.1059011622663477,2.169291707774285,-0.21465905912952515
-0.00030248106779318107,0.0001015291132038243,-0.0004680881081764454,0.00013707501384718768,0.00031169956456889025,0.00010391681611121584,0.025858140666531842,-0.2847771622016738,-0.6941908777009549,0.5957012609965717,0.30914068589333654,-0.45097943474392377,0.4272855519680555,-0.4386906746151924,-1.3595009804985507,1.3198360315610498,0.40866872179470853,-1.169841082207685,1.0434087883161685,-0.4000736031619445,-1.7302743553819258,1.8828874784814902,0.2590845929081361,-1.868936366589668,1.9002947698826,-0.27302594988404455,-2.0724654102984017,2.519927016284548,-0.029552291097709463,-2.7336303736180634
-0.00035594581835063366,0.00024910491488583375,-0.0003766100178799192,6.207139520686411e-05,0.00033734947380992253,-5.256725758684411e-06,-0.10278652273615534,-0.24907349754894234,-0.35157903552618736,0.4399324172989012,0.330557880818867,-0.06700563565050205,-0.225703215037521,-0.5482606205055361,-0.7730219461361564,0.9677768323833345,0.7268225184329355,-0.1474060903601941,-0.3281337919553257,-0.7975832229693643,-1.1242243716444638,1.4076471782870288,1.0570430497779926,-0.21440646928493745,-0.4715365996402523,-1.1466348664187238,-1.6159077673560942,2.023465662552201,1.5193517936610725,-0.30820699977957816
-0.0004199499632893122,0.0001660848426654482,-0.0003769243930502597,-2.3026177761842348e-05,0.00031263744211695865,6.021765070585161e-06,0.10205901889568098,-0.3477170792068431,-0.47523319032200284,-0.00643163810191815,0.13124941273369548,-0.08445401191305835,0.2557774721841364,-0.8695418252811058,-1.1875175892154317,-0.01604455598815261,0.3276545756710632,-0.21114406243025174,0.7693197059745879,-0.7787706869452963,-1.3281891542273179,-0.1445057389007418,0.3912298534521744,0.010539099183276113,1.668018615107878,-0.6199211948576296,-1.5743643929981188,-0.36931280899777297,0.502486589569119,0.3984846320069499
-0.0003227032084298642,8.697697939563653e-05,-0.00045198823955061584,-1.6924765603221203e-05,0.0003212237465719525,7.621502193710938e-05,0.24946362541810221,-0.07594503966387274,-0.7806285567950968,-0.3682258488484836,-0.08551334192875584,0.7915403656230925,0.6023508104074516,-0.16696917441721576,-1.7353458144381237,-0.8343324807633328,-0.15005326575058386,1.7257240393865219,1.3335141316889028,-0.16297156138569832,-1.9803498150778986,-1.1645399337947362,0.3827738366476673,1.4994949831306905,2.3626532661548025,-0.1429931936636907,-2.1967277691571003,-1.582244231858221,1.1821333629519513,1.0209366127320745
-0.00034616905124273956,0.00020373950743390878,-0.0004471235740926005,8.352919627707678e-05,0.00024551838542752336,0.00013954132036619882,-0.4008293677339983,-0.033202072797562675,-0.7260182504689129,0.06690710244434096,-0.22645525188995452,0.6705121780298073,-0.8585244519428618,-0.07138014400327305,-1.5552423954915646,0.14327690044212826,-0.4855418464903911,1.4366523342691686,-1.2590076506256171,-0.10478595630826963,-2.2808135223863846,0.21010047369019214,-0.712242616765773,2.1070249709786095,-1.7167027348344808,-0.14296402751398002,-3.1100376674090366,0.28647027168797945,-0.9713292113662098,2.873165127217971
-0.00039271615171987406,0.00013196139158377918,-0.00038526638074021236,7.863203631774951e-05,0.00031784595695061313,0.00011978220468744638,0.15555607849567965,-0.10476409362919431,-0.6300650726115228,0.11058664025361103,0.2781187561452136,0.20845935560446277,0.37388439100203896,-0.25161857065828364,-1.5116168013346185,0.2652978517578216,0.6670400304087817,0.5001347583641482,0.7992092183210827,-0.15572577594442097,-1.9376412115747617,0.3257542299540707,0.7188685850489369,0.23782019758541012,1.4889455880028195,0.04880023406211102,-2.4627959973142386,0.39287508892145395,0.7123382371033165,-0.29414913446730273
-0.0004110303105093749,0.00021099905098953542,-0.00039516380894344394,5.222570632401613e-05,0.0003174496893549872,0.00015435046912770645,-0.3850182969989285,-0.18171857726998852,-0.4238878497266538,0.7021905340566739,0.3919000153064202,0.0573404476372308,-0.8245694589285504,-0.38963809306539204,-0.9078794907754656,1.5046343150285024,0.8394229474402091,0.12269598725792005,-1.2091767256169696,-0.5715676693863702,-1.331372176693176,2.2067726233788525,1.2310055130572743,0.17988208442602316,-1.703671782787794,-0.805477124656199,-1.8758627728730892,3.1095218769721593,1.7344688117077867,0.25340706649929856
-0.00037518236532907423,0.0002671398870424113,-0.00029807063404074796,-4.059363023856122e-05,0.00021904065532218908,-2.6723248808480093e-05,-0.37645583482394307,-0.20248838428076393,-0.47690550075249166,0.7022243292697825,0.34354895596590845,0.04429088958662593,-0.8062622947766448,-0.4342089833296855,-1.0215997066021498,1.5048128125840923,0.73592600203515,0.09493958996997955,-1.1823429472352587,-0.6369645074974919,-1.498207136720601,2.2070777354841136,1.0792559173457363,0.13925720280541395,-1.6658752146820481,-0.8976501814275286,-2.1109881183014663,3.109989779212712,1.520680094173633,0.19623699073668677
-0.00028412583691572735,0.00013499332278765763,-0.000446348195744406,0.00013683564693245387,0.0002669344496739612,2.2851601336526528e-05,0.31875760312007834,-0.2489380956777093,-0.6830148896119119,-0.25059031784451063,0.12608165562797566,0.5114893109446987,0.7289541117790707,-0.569174924392634,-1.5606030142898415,-0.5729538009049374,0.28784344000007783,1.1690890443861646,1.4437105653723519,-0.3827567785891055,-1.838928571710606,-1.0145038062679306,0.6791186181441902,1.1042409027987299,2.362683148563714,-0.14307630541314045,-2.196775716965875,-1.5822109560203508,1.1821867043294776,1.0208647207577426
-0.00029796130492165673,0.00015819977222442105,-0.000443593040374779,8.998448635555434e-05,0.0003043410756795595,8.380515011641165e-05,0.23866220826717785,-0.030643571025249033,-0.8569955447153601,0.6348637694497455,0.26347703545921114,-0.3691761779754082,0.5780782587309992,-0.04987842047799425,-1.8896460234921977,1.2756904922779198,0.5924341352833284,-0.7588893671730871,1.1427651362926745,0.07345872107730514,-2.44188228863203,0.6893402102328032,0.8555366844244817,-0.5532550326247969,1.7296548514744845,0.3416929040108547,-3.0311822933077104,-0.02775881567473395,1.1533810856583109,-0.19709695301500219
-0.00024508131634171093,0.00013957997969615832,-0.0004392087994657956,-2.2505610385969987e-05,0.00022962026255068935,4.640391044041792e-05,-0.10267954338601623,-0.24918002715064266,-0.3516337638806388,0.43984016752641747,0.33047227304828686,-0.06697508734601682,-0.22560089786962567,-0.5483635557070493,-0.7730672299780466,0.9676753752905817,0.7267634563911702,-0.14740087685376552,-0.32803535993930016,-0.797683162837388,-1.1242617850592196,1.407538048427385,1.0570061091769063,-0.21442236811022272,-0.4714436068368445,-1.1467306128198624,-1.6159341621728618,2.02334579081891,1.519345823076937,-0.30825245586926286
-0.0003950955760796404,0.00017308393185544446,-0.000453682039817771,3.8708597800862776e-05,0.00018649842031948083,0.00011852613335783246,0.03949996509711652,-0.45353292186774763,-0.6315108512528138,0.046459081119558446,0.22138527487468135,0.7441965435371537,0.09079361453408301,-1.0368692150386658,-1.4428700688123801,0.10614241721896105,0.5057837017445752,1.700868280199177,0.8807254368937896,-0.8346446850268643,-1.530379642993419,0.14174493977436775,0.432184750416654,0.7978266098724013,1.8963520656419839,-0.5746417178688339,-1.642891952654755,0.18751961163131922,0.3375575272807553,-0.36322696626202466
-0.0002500859998049165,0.00022248947069680725,-0.0004473858580302803,0.00013660027323147972,0.0003269227549296261,0.0001253149864153258,0.6205136795580967,-0.2893893153760879,-1.5238125053717055,-0.873075854827831,0.5707215207081404,-0.030736044153849354,1.1825946100839326,-0.6729218167858603,-2.036187761420851,-0.23938083916011565,-0.4114462529854169,-0.6661429495901048,1.5661082899767371,-0.6340274913165718,-2.0736383967648195,-0.325654942776182,-0.43013600413218356,-0.3016815085546738,1.8665568370146484,-0.2172620012523433,-1.8705282759441775,-1.266238543383886,0.6024052823375652,1.0579003775462492
-0.0003897200173925697,0.00017379157684604962,-0.00038878705605949193,2.0874573676721297e-05,0.0002901571493145738,0.00013903137851034586,0.37337577679593315,-0.04733960883730388,-0.9205901999225189,-0.030665668220373504,-0.13227989572309184,0.3310076165595273,0.9720639778047209,-0.09736123089075394,-1.9730044491850403,-0.069124908586068,-0.19336351060941231,0.5839342362974459,1.4402869285834703,-0.001140389722011359,-2.314344729634533,-0.19652233465403451,0.1820102834781138,0.3407117500148065,1.926887421750045,0.19631773589407406,-2.732599617741395,-0.43577179164667906,0.789784995680994,0.010150708335724564
-0.0002572237236391217,0.00012790040630683563,-0.0004681286398540152,-1.9867762266478906e-05,0.0002010105510121818,6.471856953460531e-06,0.2746809740684016,-0.5802110340577445,-0.47441072111030425,-0.7979241589419754,-0.14707349360760716,-0.10927711370047136,0.5921669055514078,-1.1237185108789793,-0.9957001469809811,-1.485139958292287,-0.2411778003694722,-0.22844836318188147,0.9325487750791317,-0.8290668497364467,-1.3744748141827934,-0.5996320236571079,0.18418377880456221,-0.3075496745737638,1.315478378297821,-0.4975837309510975,-1.8005963147848325,0.3965644028074687,0.6627155553753509,-0.3965386498896315
-0.0004151493097337422,0.00017606059091779258,-0.0003803183279913469,7.535130355407205e-05,0.00016497505981760696,0.00015301604998896323,0.41768891027073,-0.49608365305951285,-0.8099627454334384,0.22823985448694473,-0.10206746157749966,-0.28586923233089534,0.9803856460044316,-0.5303401795548939,-1.3820047847227346,1.083854054258812,-0.21671149231553294,-1.2316979518677826,1.4305430345913928,-0.5577454007511987,-1.839638416154172,1.7683454140763057,-0.3084267169059596,-1.9883609274972924,1.9470585555424877,-0.30270942849797816,-2.1307131995440174,2.8017417524636143,-0.40326236065104626,-3.110175751370424
-0.0004015377299344536,7.014325048082526e-05,-0.00032370861643737925,8.454586342043768e-05,0.0002038034764675345,0.00010246362759147587,-0.10278912744925053,-0.24921730180716822,-0.35151271218685615,0.4399385623833754,0.33045630456677816,-0.06690384984413454,-0.22565423511242982,-0.5483622358763471,-0.7729395164713587,0.9677633822073214,0.726759305875151,-0.14731142601020575,-0.3280418248317459,-0.7976496809339961,-1.1241285200417774,1.4076173987272764,1.0570118069654617,-0.21431773948193175,-0.4713844504387884,-1.1466521040147049,-1.6157931250403639,2.0234130218552133,1.5193653084918965,-0.3081265783423482
-0.00042663761786876364,7.07656319320904e-05,-0.0004034471079430446,4.847126822404846e-05,0.00022512466995650016,2.5650114746866848e-05,-0.32466386969309463,-0.1773728735677667,-0.5199649483526619,-0.7256434864427571,0.35003146249531447,0.02807321914794113,-0.6952207063504956,-0.3801656040817082,-1.1137495212037691,-1.5550057238267356,0.7498101342957236,0.06012758375730601,-1.0194579384257214,-0.5576092432814069,-1.633311022448488,-2.2806976815377165,1.0996164721210815,0.08817515279050027,-1.3900147750831224,-0.7604019737953485,-2.227095595299595,-3.1100599189216953,1.4993951439214908,0.12022951739986515
-0.00024045312504661354,8.405652630916194e-05,-0.0004384213250814284,0.00011011527887117012,0.0002734149843268696,-3.6079819274448255e-05,-0.32624152686215313,-0.10062880981970786,-0.5709068459326092,-0.7021798580200079,0.43810616333550595,-0.01735855345036826,-0.6988141825617035,-0.21572922850087017,-1.2228707597697839,-1.5047969703615842,0.938486447165425,-0.03715566617161833,-1.02481525629881,-0.3164420948468872,-1.7933391843773119,-2.2070869436604634,1.376319195516604,-0.05447813980271214,-1.443959493960804,-0.4459300658631948,-2.526798587444133,-3.1100311950447366,1.9392470148252627,-0.07674989161411847
-0.00023408839670757686,0.00010798979629011995,-0.0004564692369033452,5.368104792324857e-05,0.00030459813831740234,0.00011810563454872636,-0.2038398911769002,-0.17377126845099927,-0.43310144937520634,0.5656935812837937,0.3837766762626819,0.049556995776335,-0.47531429488382376,-0.40561027944738515,-1.0099614228929437,1.319880114931621,0.8950727804285014,0.11547551596538337,-0.6789200976640164,-0.5794895376946746,-1.4426064030312467,1.8855200151674916,1.278544858552866,0.16491440610716965,-0.95039450137094,-0.8113285486910604,-2.019466376548984,2.639706548815319,1.7898409627186853,0.23083292629621802
-0.00042110312713283804,0.00010868213504178215,-0.0003684336821105916,0.00014070203630733857,0.00025965633436797475,9.335704693658187e-05,-0.17934009212263297,-0.09135187163668632,-0.656134372270299,-0.33150719711005483,0.06323738361639847,0.5112963232318783,-0.38807891261738314,-0.19805585103703577,-1.421194633956519,-0.718429746114144,0.1367113987787674,1.1076997837809772,0.12923174732473952,-0.2417458690541386,-1.7954898338120533,-1.0366870456903357,0.2185349862286321,1.3512019021239179,1.7472854924977332,-0.23630517873744206,-1.919255781975893,-1.4431759790316976,0.35276091638556406,1.3189369294585043
-0.0003553149739703443,0.0001453211260189491,-0.0004470904987465829,-4.226955905028973e-05,0.00028797797675750303,6.965334772512932e-05,-0.4008353872454707,-0.033247606357512414,-0.7260299766687283,0.06679517717025388,-0.22643643296709856,0.6704422133417908,-0.8585268984128996,-0.07141095205297683,-1.5552675608629931,0.14318083057517292,-0.48555004547436265,1.436582281906437,-1.2590069706843998,-0.10480387953650819,-2.2808504470329747,0.21001827730447706,-0.7122744564182186,2.1069548419005026,-1.716698481851829,-0.1429672252319726,-3.1100880312272396,0.2864039307093961,-0.9713880689254828,2.873094910465149
-0.00026578483911254835,0.00010484747026406893,-0.0003980882091445537,7.073787563971479e-05,0.00028692301575627965,1.6739817317201755e-05,-0.18340733404515897,-0.22343123758451686,-0.7351051769618007,-0.3767735620758357,0.29061028563776325,-0.02947723053334725,-0.3970724747855464,-0.48422333681509455,-1.5922634471732326,-0.8164252453525569,0.6293208753634381,-0.06388686260912244,0.7421462866353764,-0.49269763232637565,-1.7503366662281803,-0.8143417527512774,0.8594556261176998,0.18942177296355697,2.261104635196607,-0.5039966930080838,-1.9611009583014438,-0.811563762616238,1.1663019604567155,0.5271666203937962
-0.00023486934519567626,0.00021066286516724375,-0.00039248315209228224,0.00012025971599349816,0.00027738768499929733,0.00014969021978750163,-0.32449917288116614,-0.17728108782311647,-0.519970638682436,-0.7256143321900632,0.3500545570180485,0.02815981493371468,-0.6950869483508466,-0.3801288028954407,-1.1137742450028287,-1.5550252943684137,0.7497998933986761,0.06017138603534574,-1.019351251886817,-0.5576205535837244,-1.6333524005331723,-2.2807598862744705,1.0995770627317252,0.08818151074927291,-1.3899390273564975,-0.7604682686560487,-2.227156006853565,-3.110170848452821,1.499322399112353,0.12019308185090398
-0.0003940077483077786,9.875915674406599e-05,-0.00040058655468477866,0.00014041203953052417,0.00021626177448208495,0.00014099776728393465,-0.6240317487304667,-0.047433129213821035,-0.6330156483955788,-0.19843296607974914,0.21440141975765292,0.3966551301471441,-1.0673836743014298,-0.09554927443389706,-1.3348082552950034,-0.4233909252383617,0.45094899191155396,0.7944105460684646,0.19461703357694193,-0.09963907238047351,-1.8190510707047167,-0.6080829925136919,0.6074858911066652,0.803099530858687,1.7390384746571588,-0.09130401935594831,-2.176959598986404,-0.756084881163304,0.720571894998905,0.7058413810713097
-0.0003646560164423107,8.436505817321915e-05,-0.0003526869646526265,-4.4810471739431534e-05,0.00018608050198931636,0.0001514308507015727,0.3979551984015427,-0.308975526999283,-0.7093042790443345,-0.5953821777752479,0.5673793198334648,0.09857769957895456,0.840532814421526,-0.6523754070631231,-1.4970282702439808,-1.256868141445813,1.197594030201771,0.20794022038812454,1.3523845461523423,-0.7678050623686736,-2.073164767542508,-1.6969833988308467,1.5626615289385466,0.407235254140892,2.362621548736482,-0.14305375867298478,-2.19681328483638,-1.582358812909038,1.1822475363333542,1.0209416000726346
-0.0003258730027262402,0.0001528257154399526,-0.00044020475723716146,-3.616997279021206e-05,0.00028533003274056057,8.275465233609225e-05,-0.05407246769378247,-0.10877236198250309,-0.9455411788302477,0.07072785121070366,0.28567313109170756,0.24680348496624918,0.06289131187149022,-0.2396732760243156,-1.7102776600928316,-0.05608412250040168,0.40094121186081255,0.5180033123574053,0.5481491372949489,-0.36006304890489554,-1.641734668698056,-0.6134300965924524,0.033275951520709834,0.7148009687460908,1.1951595711928937,-0.5205827460790021,-1.550344013505022,-1.35655806204852,-0.45694439559942707,0.9771978439310048
-0.00033550164380713454,8.582669147561006e-05,-0.0004159343922562897,0.00012097767306684659,0.00014773509332943746,1.5139919833373483e-05,-0.1551787874749308,-0.2004031999383393,-0.4566727867931475,0.5280792089563113,0.37242389731896663,-0.09711540606728172,-0.3358292876112417,-0.43430706433979,-0.9889724479275205,1.1440304787867632,0.80674608658221,-0.21043437638558266,-0.4906725734423653,-0.6347960909696049,-1.4452293003284116,1.6719887100700077,1.1790222488078472,-0.3075649223726977,-0.6713230735786763,-0.8686999553710556,-1.9775289614627847,2.2879399799004596,1.6133444380710906,-0.4208838926909987
-0.0003180850941202351,0.00010436841016492338,-0.0004639277031150968,6.033524960802339e-05,0.00020926428642553674,8.93910904800066e-05,0.3384598114628488,-0.18772562929562853,-0.5525876296150495,-0.7533672769964325,0.5317263200505316,-0.636056309498856,0.7111154976755149,-0.3943386267720013,-1.1599237017181774,-1.582137650467077,1.1163950813910481,-1.335816580147126,1.3067205455857596,-0.5421349845645078,-1.7552594862906186,-0.7905885303486548,1.227291853148075,-1.1113568450849487,1.4924703584194936,-0.400158812451017,-2.017177076652061,0.6375610489967055,0.7521707703820842,-0.5496936491482844
-0.00042619246620656526,7.008003870190294e-05,-0.00042928588619250974,0.00011436077871529449,0.00024855199985296395,4.354689625163388e-05,-0.32637595251851315,-0.10064185379441484,-0.5709175822410296,-0.7021548133897815,0.4381240094557501,-0.017260348729341998,-0.6988899640068635,-0.2157412067465483,-1.2229042066465579,-1.504748155296635,0.9385531036910612,-0.03703622944430615,-1.0248397240591702,-0.316453140579665,-1.793392503001395,-2.207017329465132,1.3764285611469582,-0.05434012506989979,-1.4439179869835643,-0.4459399126508151,-2.526877455457614,-3.109934839110342,1.939411292161683,-0.07658799087423446
-0.0004254033965862547,0.0001932637612034327,-0.00042499843506238477,0.00011979780865267742,0.00032864055944425985,9.213493486281976e-05,-0.3764960026625823,-0.20250537927643136,-0.4770136911133957,0.7023715669146314,0.3436343690263523,0.044368394030976005,-0.8062909732522922,-0.4341609713194426,-1.0216864827457768,1.5049450173214645,0.7359837729885329,0.09496983299796251,-1.1823615725182883,-0.6368596143570774,-1.4982751754241102,2.2071967864274433,1.079289501455441,0.1392460920940757,-1.6658809144317117,-0.897472155405465,-2.1110320660105386,3.1100919181351303,1.520682580912894,0.1961727109319355
-0.00034598987457812314,0.00022473920295951189,-0.0003554607354239181,0.00011312134064489499,0.00016060140180940152,0.00012992968087299772,0.4598946957270254,-0.556752973000169,-0.7779150332651767,-0.40248129172714636,-0.08665538543948903,-0.8071806847122623,1.24544011007103,-0.8735796791042054,-1.6613473873132618,-1.0066572968298164,0.023326038350807016,-1.1026305913770493,1.9872840149999313,-0.7632635271050141,-2.230105145359149,-1.4978132895203653,0.3982771424980618,-0.5769323768269092,2.3626759675139235,-0.14308895243004568,-2.1967575278877245,-1.5823362002949464,1.1822642787693367,1.0209019455586739
-0.0003534040809816119,0.00010682409634643619,-0.00042122506095410017,1.9129609279744386e-05,0.00016946243699944574,5.835854470070956e-05,0.2630311029415631,-0.16168475989569955,-0.6149680276829704,0.6997681054504574,0.0063250504023863235,-0.657903928603118,0.592261736719744,-0.3639242398857571,-1.3831515309604911,1.5744543252519296,0.014019535359119921,-1.4803567875378913,1.0119141501592466,-0.4302659261644157,-1.8451216704305693,2.1810712127758496,-0.07238958994627247,-2.1526985681587036,1.9470501708440913,-0.3027463958710587,-2.1306757591454026,2.8017417307275236,-0.4033296051533895,-3.1101215223879315
-0.0003132050340175496,0.00020580838858741402,-0.00046595817759520486,0.00013002483854229752,0.00026023033136457485,0.00013862123495123058,0.12047237027583356,-0.25398441249932235,-0.5642117260600996,0.2941016555852673,0.2780039821673893,-0.33512956159433277,0.2613888748039932,-0.5505396702018838,-1.2219151219230213,0.637068558123113,0.6020383593094182,-0.726275774895164,0.8815808107551473,-0.6131986849158054,-1.4945679734940809,0.5360195874542422,0.5648350249508631,-0.665395680169014,1.8964584464055871,-0.5745743318138877,-1.6428587658119744,0.18770043751479526,0.3377120012523773,-0.36328240774783566
-0.00041318479967245025,0.00022843462041510776,-0.00038870626417075727,3.446739205870131e-05,0.0003232284051746248,-7.42085691562977e-06,0.16766127733321115,-0.342471770518365,-0.3409472510609355,0.16686024233547483,-0.0832766293866322,-0.4380785556968565,0.48140233989611675,-0.7593098528313347,-0.8276878401968187,0.3635307135089347,-0.1526402628431186,-0.9457612889584132,1.0370225256699341,-0.7586960705999878,-1.1958510661101713,0.33147745052005734,0.011895615948675033,-0.8170254897623177,1.896329355750225,-0.574655056063342,-1.642906141264493,0.18770602688550417,0.33758437768520594,-0.3632232096774716
-0.00030062612096859453,0.0002384112778779368,-0.0004080867910323249,9.278035617210634e-05,0.0003180916603877648,-3.78704284837994e-05,-0.34461314485608957,-0.1657761542173325,-0.41823728707780966,0.6246166035391648,0.4310620492975234,0.1427481585853267,-0.7873006689441022,-0.37922345271117447,-0.9554462588750948,1.4275758047744411,0.9848757091166978,0.3263301958887973,-1.1316131876792233,-0.545238018206385,-1.3732754591618723,2.0520996279574337,1.4156196667538334,0.4691162249026078,-1.6234882144436817,-0.7824016831995426,-1.9701743167144112,2.9442765182188517,2.030968177664027,0.6730962663509085
-0.0002614411324364241,0.00019616492399077146,-0.00045653019028168984,-1.6929353427563854e-05,0.0003359377785434603,9.973244451710883e-05,0.2906810246876108,-0.282977387224715,-0.6290959687608886,0.09693724049210416,-0.13194622516730525,0.3366427381839453,0.6786779826726238,-0.5596912722823248,-1.3042227549158167,0.16115194968311858,-0.193446832246853,0.6249167701812972,1.2610049356624184,-0.5209332697357497,-1.5831468404217444,-0.035284814243985246,0.23124250295095272,0.3353029277288398,2.037440872982145,-0.4692559330069827,-1.9550456210963147,-0.2972004994801236,0.7974949498813605,-0.050848862207770136
-0.0003759375358391992,0.00021505075744965296,-0.0004249824345015085,-4.0663092093495834e-05,0.0002576054188319077,-4.348648463192717e-05,-0.3500636848701372,-0.2299744826765254,-0.3827491386918334,0.7185402437386628,0.3856618801662991,-0.032539278423603116,-0.7497068246807636,-0.49304823517249685,-0.8196910315573556,1.5397755658309555,0.8261239084491188,-0.0696773263538559,-1.0993945720150615,-0.7232377686064718,-1.2020151878146874,2.2583564726617116,1.2115281831965858,-0.10217311829282708,-1.499037711825688,-0.9863115211024434,-1.6389570806802096,3.0795917947540046,1.6519902114794056,-0.13931116622307987
-0.00023125535162993316,0.0001079363487788143,-0.0003934467279158582,-2.8023641944763256e-05,0.00022834272329141925,4.2239471367722103e-05,-0.2612219039496032,-0.08986043707486294,-0.5643247919477117,-0.015639628158647126,-0.22130156790774805,0.6420006719381738,-0.6092094354135675,-0.20981826830638528,-1.316233252240773,-0.03645510084758361,-0.5166747820824674,1.497945248560582,-0.8702000840115408,-0.29978664173002706,-1.8801645974605687,-0.052066705364285974,-0.7382046927135069,2.139903681027388,-1.2616860569085007,-0.43473920186548964,-2.7260616152902624,-0.07548411213933952,-1.070499558660066,3.102841329727597
-0.00025225235913328703,0.00022733362734683737,-0.0004312195349189807,8.647880150469689e-05,0.00026455731315611075,0.0001324750548645781,-0.3593576840425477,-0.19869603347566736,-0.44090273554281256,0.702323345681868,0.4102115377187134,-0.021244013960138634,-0.7697638916807357,-0.4260370244505407,-0.9442987538375481,1.504879764973712,0.8787223724679217,-0.04567428712014231,-1.1288693233641502,-0.624960391553555,-1.3847702698454418,2.2071166318540754,1.2886693528734792,-0.06705077613514553,-1.5905763069571115,-0.8807190064002874,-1.9510907904270192,3.1099926035573997,1.8157440419663384,-0.09453483344014965
-0.00023277210505501245,0.00024798302619633006,-0.00041251825685328924,0.00013352177233993956,0.00022902559694060187,5.7060415816323484e-05,-0.4641837260831734,-0.12245807848019098,-0.5667790313639828,0.1536503750666529,-0.2556518763144007,-0.5746283790017137,-1.0606920954836112,-0.28022301470268896,-1.2949645482160064,0.3510291864450553,-0.5846416073432681,-1.3135096582528238,-1.5246430494617296,-0.40292907620907625,-1.8613310613231357,0.5045460397393683,-0.8405225092546094,-1.8881950976703539,-2.1211514188621674,-0.5606940124315742,-2.5895165781751595,0.7019248511177707,-1.1695122402834768,-2.627076376921464
-0.00035110607788624293,0.0002369111063380558,-0.00043551230846894384,1.6912861172890814e-05,0.00022615094887612486,5.761975046425505e-06,-0.044494969286052385,-0.187477053910038,-0.8645773999933736,-0.19700350081726217,0.05793770567968595,-0.5013583181339805,0.11500068892742171,-0.29482833857329926,-1.69447592029584,-0.2669230336854842,0.1818182181826853,-0.8410447947645923,0.7038473215882594,-0.14759728002214295,-2.0238167619909766,0.01586940190593733,0.4091808688646587,-0.60669402438386,1.488976165136043,0.04871079804606551,-2.4629378842511587,0.39292598269449935,0.7123310697739567,-0.2942263305428837
-0.00038255875443482523,0.00021565900575382102,-0.00035037703334506176,-2.8724879786778956e-05,0.00026468622008302134,0.0001477877427591423,0.12463254396175372,-0.25470886101435714,-0.696131616114086,1.0100358144650046,-0.008838714474535289,-0.37174858878991307,0.26527453451746585,-0.541498946036982,-1.4788855100799196,2.146358421227895,-0.01908004025598089,-0.7901320123891693,0.934654723858124,-0.3199891207412345,-1.8872088767568667,2.2537232848846456,-0.15209734328221422,-1.5998645479986706,1.6877074368663645,-0.07079056728351851,-2.346572664268432,2.37450875649849,-0.30174180918672666,-2.51081365055936
-0.0003328426073654356,0.00016499029749272864,-0.0004454024186832939,1.9315983441181572e-05,0.00029910655272402664,-2.8998896075549396e-05,-0.039979372171815394,-0.5493086378225777,-0.727769754774738,-0.6584820698361601,0.3784341813209218,-0.05006179386082027,0.02473839666568199,-1.0432984318830985,-1.4960055897380633,-1.28679799174735,0.7434387326672283,-0.04882416480959956,0.8596527838812608,-0.5994277594067012,-1.8232974505962267,-1.045314280480059,0.6383945452920975,0.3613392273181239,1.9032957679007345,-0.04458941881120478,-2.232412276668931,-0.7434596413959454,0.507089311073184,0.8740434674777783
-0.00036861719861658315,0.00014932146942658875,-0.0004417284801050414,2.2861474398894188e-05,0.0003126086187315025,9.04053273202976e-05,-0.4301716790007243,0.03319361034607335,-0.9644382533887031,0.216765954822404,-0.14375805523702007,-0.5873754980646588,-0.15173460344158618,-0.04498592073198893,-1.651254373892415,0.14938429740827053,-0.0370453626271601,-0.5826432536508545,0.7235677792551422,-0.2031174593335353,-1.7861636417897562,-0.175169447802348,0.27776560940436723,0.012394240803211387,1.9271085554631442,-0.42054832491066163,-1.9716638851486001,-0.6214308474669485,0.7106306959477175,0.8305707956775519
-0.00041862537699888236,0.00016160521364838587,-0.0004674654810390422,-1.7162920369351298e-05,0.00022740075659122283,5.189131305893824e-05,-0.3594785741859928,-0.19877753356820418,-0.4409053254835351,0.7022380670440016,0.41020838185559,-0.02132646021279295,-0.7698328013962716,-0.42613654931889283,-0.9442628797721021,1.5048154727175684,0.87875807454016,-0.04575886195662368,-1.1288927502052657,-0.6250756881007454,-1.3847007397745983,2.2070707026819396,1.288739055639159,-0.06713721348247556,-1.5905412558168293,-0.8808545808202701,-1.950977988349236,3.109970284064702,1.8158574599093,-0.09462366544428513
-0.0002616830958572791,0.00023807277114418213,-0.00034304017129738185,7.214682908429637e-05,0.00026459924180954886,8.798821242983479e-05,-0.20382906213716565,-0.17368904071289729,-0.43302783776117926,0.5657086793313828,0.38374251277891835,0.04952648810840279,-0.4752522341922435,-0.40559185869161923,-1.0099409012143552,1.319890722667781,0.8950463974950634,0.11544448796970007,-0.6788196132335519,-0.5795189721756607,-1.4426256988042372,1.8855272551700795,1.2785243110321722,0.16488298786567304,-0.9502427852886297,-0.8114217901543826,-2.019538762257413,2.6397092985064776,1.7898281957483173,0.2308009877269703
-0.000360586346594971,0.00014910576147020294,-0.00046185377731866595,6.889816551769457e-05,0.00019553371249081408,0.00014516701198541426,-0.32460298430999635,-0.17731918498855412,-0.5200202650917121,-0.7256291984724274,0.34998790274337105,0.028165685559342773,-0.6951657248395979,-0.38014008870286764,-1.1138013065938759,-1.554998451772936,0.7497506102072342,0.060189135327751185,-1.0194081228029992,-0.5576083794528919,-1.633359717908269,-2.280696548410881,1.0995429792381144,0.08820965387510854,-1.389970863332601,-0.7604292831672055,-2.227140759410433,-3.11006580171139,1.4993056867019776,0.12023310364351696
-0.00041682727890179905,0.00016125168930702927,-0.0004642628758046996,0.0001306759148844705,0.0002580601644357472,3.599483215666055e-05,-0.4008746611056908,-0.03321640078824444,-0.7260462350144358,0.06693272379795269,-0.22643654898188081,0.6704233600201956,-0.8585407569077353,-0.07136228933401755,-1.5552827746014426,0.14327792137860207,-0.48551610229195685,1.4365803488065259,-1.2589985907345242,-0.10473994181156901,-2.2808647467400736,0.21007996926167027,-0.7122107114382733,2.106967713994565,-1.716664686536569,-0.14288583035734212,-3.1101012863270805,0.28642516684231967,-0.9712902647483495,2.873124702780895
-0.0003963173177012891,0.00012157529536960254,-0.000387479324299278,5.91537741279069e-05,0.00033675797189047785,-4.073462598519484e-05,0.1733987778320229,-0.44064332565699416,-1.0140499476336093,0.6498684406525616,0.6927247503864509,-0.23555010971024948,0.9703079035179547,-0.5449525794690598,-2.0219479857850344,1.511926245458644,0.6308724060260797,-0.8914260254220376,1.6044532342767366,-0.17830923827248402,-2.4518278397207904,1.813559641558887,-0.08528340411244761,-1.7962534615325554,2.35389771608257,0.2549965285961964,-2.959867667099411,2.1700354733137197,-0.9316493615488891,-2.865594976935895
-0.0003663248335721292,0.00020788766542700898,-0.00030868838879971605,0.0001332178717374788,0.00018628442765944442,2.221583262329574e-05,0.3372289609458007,-0.13744193250744619,-0.8324040734824609,0.14959472661524925,0.17877047231191961,-0.21516227758719766,0.7873560086516311,-0.3209750260712771,-1.9418645869406759,0.34887673827326493,0.41688272282426647,-0.5020749354802923,1.2146014038089181,-0.24395274648391196,-2.249603155832923,-0.052879663199953075,0.5006757394688417,-0.28763187811583135,1.8440286702705768,0.0018583594727337308,-2.31035003688831,-0.956033471975397,0.5492056475018188,0.2847105655596379
-0.0002883026154076873,0.00025023567168691585,-0.0003008433667144317,0.00011511962864751979,0.00024091028521056046,0.00010991874161181414,-0.3593842748985792,-0.19867461405753994,-0.44077423190821974,0.702361345714198,0.410207732799985,-0.021281262714011595,-0.7697796717936324,-0.42601729946237066,-0.9441723902413688,1.5049284612405414,0.8787412442454416,-0.045728327234724066,-1.128875644076804,-0.6249421491915975,-1.384645778782874,2.207174687326092,1.2887080667602162,-0.06711950869034748,-1.5905704655837387,-0.8807026702720321,-1.9509687069076667,3.110062692293228,1.8158082671363547,-0.094622456276149
-0.00030116734138463386,8.153172579472567e-05,-0.0004510681216371992,2.1605783962819203e-05,0.0003278434744666825,8.604696324887584e-05,-0.5411869461465589,-0.15613541794618357,-0.5012725479885421,0.2798053786441901,-0.2980110789474058,-0.6519312028217124,-1.14968344730238,-0.3318794863271592,-1.0646967128388103,0.5945621231119458,-0.6336423666720123,-1.3854506088297938,-1.6905692261075544,-0.4880964359991375,-1.5655181927057151,0.874345895972173,-0.9319812890938849,-2.037467858614755,-2.3666764496140225,-0.6833676230891104,-2.1915450425393463,1.2240756120474572,-1.3049049421212255,-2.8524894208459566
-0.000239054593080823,0.00017666970275165284,-0.0004447974777530561,-2.8164126537610912e-05,0.00033773282639248947,0.00010928914915275811,-0.1446843134281028,-0.18814964253958943,-0.40045482828699036,0.45386808663118905,0.3112079908966087,-0.022968820800708733,-0.3469076757971336,-0.45180647967886695,-0.9604688714199224,1.0893228376920063,0.7464263521949114,-0.055278174730514815,-0.4913529346321556,-0.6401327919212081,-1.36047890222916,1.543219088449733,1.0572966102651276,-0.07835628468037631,-0.7224653487681908,-0.9414548915089538,-2.0004949515239394,2.2694530896620955,1.5546890231774735,-0.11528126060015469
